content,is_spam
Never get old Ôªø,0
sub my channel for no reason -_-Ôªø,1
"Please help me give my son a grave.  http://www.gofundme.com/BishopsGraveMarker Or please just share it on your  fb page, I do not have one anymore.Ôªø",1
Check out this playlist on YouTube:Ôªø,1
"You guys should check out this EXTRAORDINARY website called MONEYGQ.COM .   You can make money online and start working from home today as I am!   I am making over $3,000+ per month at MONEYGQ.COM !   Visit MONEYGQ.COM and check it out!  The metal drews the reflective effect. Why does the expansion intervene the hilarious bit? The sneeze witnesss the smoke.",1
nice ..very niceÔªø,0
How are there 2 billion views and theres only 2 million people in the  world!?!?!?!! MULTIPLE ACCOUNTS!!!1111Ôªø,0
https://viralangels.com/user/d4aaacwkÔªø,1
"Hey guys, I&#39;m a human.<br /><br /><br />But I don&#39;t want to be a human, I want to be a sexy ****ing giraffe.<br /><br /><br />I already have the money for the surgery to elongate my spinal core, the surgery to change my skin pigment, and everything else! Like this post so others can root me on in my dream!!!!<br /><br /><br />Im ****ing with you, I make music, check out my first song! <a rel=""nofollow"" class=""ot-hashtag"" href=""https://plus.google.com/s/%23giraffebruuh"">#giraffebruuh</a>Ôªø",1
5 years later i still love this song¬†<br />~Axy665Ôªø,0
"I love this song, it¬¥s for empowering every woman :)  ""you¬¥re gonna hear me roar"" ;)Ôªø",0
Please subscribe to meÔªø,1
She is fitÔªø,0
Best song ever Ôªø,0
Shakira :-*,0
like this comment then type 1337,1
Please share and help to my Friend! http://www.gofundme.com/jormis  Thank  you very much!Ôªø,1
Shakira - Waka Waka <br />LOVE THIS SONG!!!!!!!!!!!!!!!Ôªø,0
curti? click here ?  https://www.facebook.com/demiilovatofas?ref=hl   https://www.facebook.com/pages/Frases-Secretas/448800865296855?ref=hlÔªø,1
Love this song! My soccer team made a cd for our couch with this song on it!Ôªø,0
Nezo and Ed<br />Like&amp;share this page on facebook please¬†Ôªø,1
I love this song so much &lt;3<br />Keep em&#39; coming!Ôªø,0
That shake and that golden and black robot were really partying Ôªø,0
"I know that maybe no one will read this but PLEASE TYPE IN &quot;deazy99&quot; I&#39;m a rapper with a dream. I know you must see like millions of those on here everyday but please check out my music and subscribe if you&#39;d like thank you, i would love nothing more than to have a decent following on youtube from people if anyone reading this could give it a &quot;THUMBS UP&quot; because what some might see as just a simple button press could make my dream come true..thank you again for your time &amp; may god bless you",1
Shakira :-*,0
Im just to check how much views it hasÔªø,0
Almost a billionÔªø,0
Eminem and Rihanna sing the song very well.Ôªø,0
Waka waka she rules,0
PSY - GANGNAM STYLE (Í∞ïÎÇ®Ïä§ÌÉÄÏùº) M/V: http://youtu.be/9bZkp7q19f0Ôªø,0
music yeahÔªø,0
It looks so real and my daughter is a big fan and she likes a lot of your  songs.Ôªø,0
plese subscribe to meÔªø,1
"I'm sorry Katy Perry, I was being weird. I still love you &lt;3Ôªø",0
"She is good. Does she make any more music? If she doesn't, she should!Ôªø",0
katy perry will u sit on my face please. it would be really awesome and  i'll give you 5 dollars. ok if you want to do this then please call me and  subscribe to my channel first ok thats good and then u sit on my face and  ill get an erection then you sit more k?Ôªø,1
Katy Perry - Roar (Official): http://youtu.be/CevxZvSJLk8Ôªø,0
this song is awesome. these guys are the best. love this video too its hilarious lol. im getting popular fast because i rap with meaning. thumbs up if you piss next to the water in the toilet so it doesnt make noiseÔªø,1
My 6th grade teacher looked exactly like Katy Perry come to think of it...Ôªø,0
Check out this video on YouTube:Ôªø,1
so cute that monkey *-*! Ôªø,0
"Youtube comments in a nut shell:<br /><br />.First<br />.301 club<br />.Skip to <a href=""http://www.youtube.com/watch?v=KQ6zr6kCPj8&amp;t=3m57s"">3:57</a> and close your eyes<br />.Advertisements<br />.like this comment for no reason<br />.Christianity arguements<br />.Other religious arguements<br />.Console wars<br />.#PCMASTERACE<br />.Trolls<br />.&quot;How is there 1 million views on the this video if theres online 10 people on earth/<br />.Complaints<br />.Pewdiepie fangirls<br />.Minecraft scrubs<br />./r/MontageParodies<br /><br /><br />AND ANY OTHER SHIT!!Ôªø",1
Check out this video on YouTube:Ôªø,1
"You guys should check out this EXTRAORDINARY website called ZONEPA.COM . You can make money online and start working from home today as I am! I am making over $3,000+ per month at ZONEPA.COM ! Visit Zonepa.com and check it out! How does the mammoth waste achieve the shock? How does the limit reduce the delicate minute? How does the meaty scale adapt the oil?",1
who the **** cheats on megan foxÔªø,0
coolÔªø,0
Hi. Check out and share our songs.,1
Abomination! Subscribe if you agree :| party here in my channel. cool lights.Ôªø,1
;-)Ôªø,0
adf.ly / KlD3Y,1
I LOVE YOU KATTY PERRY &lt;3 Ôªø,0
The population of world is more than 7 billionÔªø,0
Thumbs up if FE-FE-FE-FE-FEGELEIN brought u hereÔªø,1
so beutiful,0
Suscribe my channel pleaseÔªø,1
Love this song so much! One of my faves! XxxÔªø,0
First they were fighting... Then they were making out...Ôªø,0
"now its 1,884,034,783 views! pls. comment the view count the next hour :PÔªø",0
Hello I&#39;am from PalastineÔªø,1
even without make up she is still  hot     http://uk.eonline.com/eol_images/Entire_Site/2012430/reg_1024.katy.mkup.mh.053012.jpg Ôªø,1
Subscribe to my Youtube Channel!! :) Suscribite a mi canal de Youtube -WhatUKnow,1
Check out this video on YouTube:Ôªø,1
Eminem is the greatest artist to ever touch the mic.Ôªø,0
Waka waka,0
I think he was drunk during this :) x)Ôªø,0
This Song Was Good Until It Got Overplayed The Hell Out Of On RadioÔªø,0
OMG over 2 billion views!Ôªø,0
This video is so racist!!! There are only animals.Ôªø,0
On 0:02 u can see the camera man on his glasses....Ôªø,0
subscribe me if u love eminem,1
i watched this because of the large amount of views and now i am convinced it is because that girl is so hot,0
"Hello everyone, It Is not my intention to spam and am truly sorry If anyone Is annoyed by this but just please hear me out.  I am a rapper, singer, music producer and a song writer and have been making music for a while now, eight years to be exact.  I enjoy making all types of music that anyone can listen to, doesn&#39;t have me talking about killing anyone and most importantly, focuses on the quality of the music.  Please check out my page, It&#39;s only a click away.  Thank you and have a nice day :)",1
Katycat! https://m.facebook.com/profile.php?id=1461302180794905Ôªø,1
this song never get's old &lt;3 Ôªø,0
all u should go check out j rants vi about eminem,1
Subscribe to me i subscribe back!!!! Plus i have a nice ass lolÔªø,1
hey guys i know you wanna skip over this but please take a chance and check out my music I&#39;m a young up and coming rapper with a big dream and i appreciate constructive critisism. so please have a look thank you for your time,1
Katy Perry is lionÔªø,0
"How did THIS Video in all of YouTube get this many views and likes? Why  Gangnam style? I don't have a problem with it, i just don't understand the  phenomena behind it, it's just like any other random music video out  there. Ôªø",0
The best world cup song ever!!!!Ôªø,0
https://www.indiegogo.com/projects/cleaning-the-pan--2    please halp me  with my projectÔªø,1
Thanks to this video we know that Nokia phones can survive a plane crash.Ôªø,0
http://www.twitch.tv/daconnormcÔªø,1
Check out this playlist on YouTube:aÔªø,1
Song name??Ôªø,0
"Hello everyone :) I know most of you probably pass up these kind of comments, but for those who are still reading this, thanks! I don‚Äôt have any money for advertisements, no chance of getting heard, nothing. I live in such a small town... If this comes off as spam, sorry. I‚Äôm an instrumental songwriter from Columbus, Mississippi. Please go to my channel and check out my original music. It would be highly appreciated if you thumbs up this comment so my music can be heard! Thank you, Adam Whitney ",1
Hi guys ! !  Check Out My Remixes ! !  Thanx You&#39;re Great ! ! SWAG ! !,1
hahahahah ‚ô•‚ô•‚ô•‚ô• :D like vines ?  Subscribe to me for daily vines,1
Pleas subscribe my channel GamezZMTAÔªø,1
http://shhort.com/a?r=Jt2ufxHxcÔªø,1
Check Out The New Hot Video By Dante B Called Riled Up,1
"This is ****ing shit. From the first notes, that becomes clear. Complete  and utter shit. May God come and cleanse the earth of the complete and  utter idiocy which is humankind.Ôªø",0
Sub to my channel visuelgamingzNL I sub backÔªø,1
LMFAO!!!!!!!!Ôªø,0
What does that tattoo on her right tricep say?Ôªø,0
I'm watching this in 2014Ôªø,0
I think this is now a place to promote channels in the comment section lol.Ôªø,0
Hiyaüòä I just started YouTube and it would mean a lot if some of you could  subscribe and watch my first video?xxÔªø,1
https://www.facebook.com/pages/%D8%AA%D8%AD%D9%85%D9%8A%D9%84-%D8%A7%D8%AC%D9%85%D9%84-%D8%A7%D9%84%D8%A7%D9%85%D9%88%D8%B3%D9%8A%D9%82%D9%89___-music/674732645945877 Ôªø,1
Such a good song ans Katy sounds great over the melody. Im growing as an  artist everyday from my hit song 'CRAZY' which has got my name out there.  cant thank my fans more for their support. If you could take a moment? to  check it and my music? maybe you'll join me to make my dream come true :)  thank you for your timeÔªø,1
Shakira is very beautiful,0
Thumbs up if shrek is gay üëçÔªø,1
I&#39;m A SUBSCRIBERÔªø,1
"If I knew Korean, this would be even funnier. At least a bit at the end was  in English, but was spoken quite rapidly.Ôªø",0
She is a perfect wonder.....Ôªø,0
Check out this video on YouTube:Ôªø,1
"I shared my first song &quot;I Want You&quot;, and I hope you&#39;ll like it. Take a listen!‚úåÔ∏èüòä <a href=""https://youtu.be/-YfUY4gKr1c"">https://youtu.be/-YfUY4gKr1c</a>Ôªø",1
"if you like raw talent, raw lyrics, straight real hip hop Everyone check my newest sound  Dizzy X - Got the Juice (Prod by. Drugs the Model Citizen)   COMMENT TELL ME WHAT YOU THINK  DONT BE LAZY!!!!  - 1/7 ProphetzÔªø",1
I¬† love you EminemÔªø,0
Nice,0
2.126.521.750  views!!!!!!!!!!!!!!!!!Ôªø,0
"She named the tiger Kitty Purry  No, seriously, she did, check the video Ôªø",0
"hey guys if you guys can please SUBSCRIBE to my channel ,i&#39;m a young rapper really dedicated i post a video everyday ,i post a verse (16 bars)(part of a song)everyday to improve i&#39;m doing this for 365 days ,right now i&#39;m on day 41  i&#39;m doing it for a whole year without missing one day if you guys can please SUBSCRIBE and follow me on my journey to my dream watch me improve, it really means a lot to me  thank you (:, i won&#39;t let you down i promise(: i&#39;m lyrical i keep it real!",1
Its funny because I listen to rock and death metal. But i like this.Ôªø,0
Thumbs up if your watching in 2015Ôªø,1
":: ATTENTION : WE NEED 10 Million Views More for FIREWORK to Reach 500M .. We have only 1 and half day left for katy's birtgday. Listen How it could be possible?? &gt;&gt;JUST Open different Tabs from Different Browser &gt;&gt;Dont Watch Full Video, Remember We dont have time on hand, Its Time Wasting. View it only for 30 sec. Plz thumbs up and shareÔªø",1
I #votekatyperry for the 2014 MTV #VMA Best Lyric Video! See who's in the  lead and vote:  http://on.mtv.com/Ut15kXÔªø,1
Check out this video on YouTube:Ôªø,1
"HAHAA THIS DANCE IS TIGHTTTT<br /><br />I know y&#39;all &quot;‚Ä¶ain&#39;t got time for MY demo man&quot; ¬†but check out some of my stuff<br /><br />Slappers on slappers on bangers! Click that link below to peep game! ENJOY.¬†<br /><br /><a href=""https://soundcloud.com/rocc-steady/wave-emoji-prod-by-nippylongbottom-cyber-punk"">https://soundcloud.com/rocc-steady/wave-emoji-prod-by-nippylongbottom-cyber-punk</a>Ôªø",1
"When I hear Katy singing this, I cry. The song has got depth.Ôªø",0
Who is still watching in 2015Ôªø,0
2015 and more....Ôªø,0
"Im a RAPPER/SONGWRITER, check my video PLEASE..also subscribe for more  thanks :) tell me what you think.Ôªø",1
"Ahhh, 2 years ago....Ôªø",0
https://twitter.com/GBphotographyGBÔªø,1
"mindblowing dance.,.,.superbbb songÔªø",0
"Anyone Who LOVEs music , please go check out my youtube page and tell me  what you think . I just put a video up and will be doing more song. I'm  just trying to get myself started. Any love is much Appreciated Ôªø",1
EHI GUYS CAN YOU SUBSCRIBE IN MY CHANNEL? I AM A NEW YOUTUBER AND I PLAY  MINECRAFT THANKS GUYS!... SUBSCRIBE!Ôªø,1
This song is just really fun Ôªø,0
THIS IS SHIT AND SOOOOO AUTOTUNEDÔªø,0
this video has 800+m views<br />and the channel got 3m subscribersÔªø,1
guys please subscribe me to help my channel grow please guysÔªø,1
https://www.change.org/p/facebook-twitter-youtube-do-not-censor-julien-blanc Ôªø,1
Check Out The New Hot Video By Dante B Called Riled Up,1
Katy Perry - Roar (Official): http://youtu.be/CevxZvSJLk8. I love this song  and video Katy Perry Rocks Wahoo! üòÄüòòÔªø,0
I love eminem  &lt;3Ôªø,0
NiceÔªø,0
Bitcoin is the best investment of the decade. Buy Bitcoin now!,1
Man this song really does get in your bones - one minute I&#39;m nearly dosing off to sleep - the next I&#39;m shuffling like crazy with hot feet XDÔªø,0
3:46 so cute!Ôªø,0
The perfect example of abuse from husbands and the thing is I&#39;m a feminist so I definitely agree with this song and well...if I see this someone&#39;s going to die! Just sayin.Ôªø,0
I WILL NEVER FORGET THIS SONG IN MY LIFE LIKE THIS COMMENT OF YOUR HEARING THIS SONG FOR LIKE A YEAR!!!!!,1
"You guys should check out this EXTRAORDINARY website called ZONEPA.COM . You can make money online and start working from home today as I am! I am making over $3,000+ per month at ZONEPA.COM ! Visit Zonepa.com and check it out! The plausible summer submits the behavior. When does the grass check the peaceful seat? The country strategizes the edge.",1
Hello I&#39;m from BulgariaÔªø,0
My three bigger secrets are: I don't think I'm good enough for me skinny  size. I'm bisexual and I sweat really freaking bad when I'm nervous. -  check out Secret by Austin Mahone's NEW Single!Ôªø,1
I love this song because we sing it at Camp all the time!!,0
"To help shakira become the first female to hit 1billiom views, I&#39;ve decided to watch this Video at least one a day. Everyday! Shakifans we r so close just hit the replay button !!!Ôªø",0
"You are all sheep, period. This is terrible music.Ôªø",0
Check out this video on YouTuÔªø,1
"Don't mind me, I'm just checking what the views are up to : )Ôªø",0
4 ****ing years are ****ing past so ****ing fast ****.....Ôªø,0
"You exactly who u want to be,watching your favourite rappers on tvÔªø",0
Anyone else think this video theme is a bit of an insult to 28 days later? Ôªø,0
Check out this playlist on YouTube: I triedÔªø,1
She looks like Megan Fox¬†üòÇ xD!!Ôªø,0
"OH SHIT THIS WAS UPLOADED ON MY BIRTHDAY, finally my birthday isnt a curse, because on this day maylaysia airlines went missing, so i thought my birthday was a curse xDÔªø",0
Hello. ƒ∞ am from Azerbaijan<br />Ôªø,0
"This past Christmas my dad passed away, to help me cope I picked up a pen and some paper and started to write. Little did I know nearly 9 months ago that it would bring me where i&#39;m at today. Over 7k subscribers and 500k video views. I just wrote and released a song yesterday about a friend of mine who has tried to commit suicide several times, I can&#39;t promise you professionally produced music, but I can promise REAL lyrics. Just click on my picture. Thanks, and thumbs up so others may see?",1
Men stop being naive idiots believing in love and believing that women actually respect you. ¬†Want a more fulfilling drama fee life? Check out MGTOW. There are many channels here on YouTube that you can chose from which will give you all the information needed. (Caution: Not for men who enjoy being disposable providers of utility)Ôªø,1
Why sooooo many downs?Ôªø,0
"Hey guys check out my new channel and our first vid THIS IS US THE  MONKEYS!!! I'm the monkey in the white shirt,please leave a like comment  and please subscribe!!!!",1
This is the best of the best video in world!!!!!!!!!!!!!!!!!!!!!!!!!!!!!Ôªø,0
She's awesome XDÔªø,0
charlieee :DDDD (Those who saw Lost only will understand)Ôªø,0
Justin bieber = gay Ôªø,0
Honestly speaking except taylor swift and adele i don't lile any of the  modern day singers. But i must say whenever i hear this song i feel  goosebumps. Its quite inspiring!! Thanks miss Perry!Ôªø,0
Behold the most viewed youtube video in the history of everÔªø,0
Oh my god go to 1 billion of replay i love shakiraÔªø,0
Perfect! &lt;3Ôªø,0
PLEASE VOTE FOR ME FOR THE WET SEAL MODEL 2015 CONTEST! MY INSTAGRAM  USERNAME IS destinyforever_  http://www.wetseal.com/modelsearch15/modelsearch15.htmlÔªø,1
best song in worldÔªø,0
I came here because of Vanoss.Ôªø,0
SO THEN HOW ARE YOU GOING TO CALL YOURSELF A INSTRUMENTAL SONGWRITER IF THERES NO SINGING THERES NO SONG TO WRITE!?!?! LOL.   YOU GOT ALOT TO LEARN KID BUT HEY DON&#39;T FORGET TO SUBSCRIBE!,1
SHAKIRA SONG WAKA WAKAÔªø,0
Check out this playlist on YouTube:Ôªø,1
"Nature is beautiful, no need to place tits in video to impress people.Ôªø",0
"I don&#39;t understand this song, I have had the passion for women feel like im losing my mind but i don&#39;t understand the ideas of loving the the way someone lies.....Ôªø",0
Check out this video on YouTube:Ôªø,1
What my gangnam styleÔªø,0
"Hi there, have you heard about DribbleProShot? Just do a search on Google. On their web site you can watch a smart free video featuring the best way to significantly boost your football aka soccer skills in no time... It turned Nick into a much better football or soccer player...His team mates were definitily amazed! I hope it will help you also...",1
"The most watched video on YouTube is Psy‚Äôs ‚ÄúGangnam Style‚Äù, with 2.1  billion views. PSY - GANGNAM STYLE (Í∞ïÎÇ®Ïä§ÌÉÄÏùº) M/VÔªø",0
"Cool Video LMFAOVEVO! You should check out my shuffling videos on my channel when you get the chance. It&#39;s much appreciated. Cheers! <a rel=""nofollow"" class=""ot-hashtag"" href=""https://plus.google.com/s/%23EveryDayImVaping"">#EveryDayImVaping</a> ;-)Ôªø",1
Check out this video on YouTube:<br />Looking for my wood pile...<br />Anyone seen it? Hmm?&#39;<br />How bout some pie now <br />Ladies?&#39;Ôªø,1
fave songÔªø,0
:),0
Check out this video on YouTube:Ôªø,1
"katy perry does remind me of a tiger,like as if its her spirit animal :3 &lt;3Ôªø",0
No-I hate The Way U LIe!!Ôªø,0
Rihanna is absolutely gorgeous in this video.Ôªø,0
"YO GUYS SORRY IF THIS ANNOYS YOU!!! BUT CHECK OUT MY CHANNEL, AND LATEST VIDEO. A LIKE AND SUBSCRIBE WOULD BE NICE TOO!!!!!!!",1
"Is this the video that started the whole ""got my dick stuck in an elevator""  excuse thing? Ôªø",0
There is one video on my channel about my brother...Ôªø,1
I love this songÔªø,0
I love this video about Bitcoin. I hope you'll love it too!,0
"<a href=""https://www.facebook.com/groups/100877300245414/"">https://www.facebook.com/groups/100877300245414/</a>Ôªø",1
Eminem rocks!Ôªø,0
"A  friend of mine has invented a big dick formula. He had a small dick (4  inches) and he did some research about this topic. During the research, he  found out the secret knowledge of penis enlargement. He applied what he  had learned and now he has a 7 inch dick. He was absolutely amazed by his  results. Of course, it took a few months. Therefore, he has written a book  about this issue in order to help guys. He asked me to promote his book :)  So, guys if you are interested and for more info check this out  https://payhip.com/b/oTIb  . He is selling it for symbolic ¬£1. Thank you ;)Ôªø",1
She is perfect,0
https://www.facebook.com/photo.php?fbid=313454548839369&amp;set=a.207230212795137.1073741825.100005244783212&amp;type=1&amp;theater  1111111111111111111Ôªø,1
just :( superr!!!Ôªø,0
could you guys please check out my channel for hiphop beats?,1
hey guys!! visit my channel pleaase (i'm searching a dream)Ôªø,1
 I love your music Ôªø,0
"no where near one of eminems actual best songs, real fans know what im talking about: Untitled, cold wind blows, welcome 2 hell, elevator, business, wtp, almost famous, 25 to life, rock bottom, no apologies, same song and dance, without me, way i am, toy soldiers, mosh and insane &lt; songs off the top of my head that&#39;s betterÔªø",0
CHECK OUT Eminem - Rap God LYRIC VIDEO,1
"Alright ladies, if you like this song, then check out John Rage.¬† He&#39;s a smoking hot rapper coming into the game.¬† He&#39;s not better than Eminem lyrically, but he&#39;s hotter. Hear some of his songs on my channel.Ôªø",1
MEGAN FOX AND EMINEM TOGETHER IN A VIDEO ¬†DOESNT GET BETTER THAN THATÔªø,0
"You guys should check out this EXTRAORDINARY website called ZONEPA.COM .   You can make money online and start working from home today as I am!   I am making over $3,000+ per month at ZONEPA.COM !   Visit Zonepa.com and check it out!  The jelly activates the reflective distribution. The normal top synthesizes the opinion. The victorious plant entertains the language.",1
2011- the last year of decent music.Ôªø,0
pls http://www10.vakinha.com.br/VaquinhaE.aspx?e=313327 help me get vip gun  cross fire alÔªø,1
"Definitley the song for 2010 when im not listening to gypsy SHAKIRA ROCKS<br /><span class=""proflinkWrapper""><span class=""proflinkPrefix"">+</span><a class=""proflink"" href=""https://plus.google.com/101721377578919894134"" oid=""101721377578919894134"">shakiraVEVO</a></span>Ôªø",1
Subscribe to my channel <br />Tweet &amp; Follow me on twitter //therealterrell_ <br />And I will follow you back üëÄÔªø,1
"What the hell this song is already five years old?? I remember when it first came out, this was my jamÔªø",0
Check out this video on YouTube:Ôªø,1
https://www.facebook.com/nicushorbboy add mee &lt;3 &lt;3Ôªø,1
Why dafuq is a Korean song so big in the USA. Does that mean we support  Koreans? Last time I checked they wanted to bomb us. Ôªø,0
she is megan fox?because she is very similarÔªø,0
https://www.reverbnation.com/slicknick313/songsÔªø,1
CHECK OUT THE DUBSTEP VERSION,1
watch this with sound off!Ôªø,0
Anyone else notice that Megan Fox is in this video?Ôªø,0
"Hi I&#39;m lil m !!! Check out love the way you lie!!!! My live performance and many others,,, videos and my own lyrics!!!!! Thanks",1
give it a likeÔªø,1
Hi.. Everyone.. If anyone after real online work. I can help u. Earn lots of money. It&#39;s fun. It&#39;s real and affiliated company.. U not think u r working. It&#39;s easy and enjoyable. For more info contact me .. Neeru105@ gmail.com,1
Still a very fun music video to watch! Ôªø,0
just came to check the view countÔªø,0
Like this in 2015! :DÔªø,0
BEAUTIFUL,0
2 Billions in 2014,0
"Lol...I dunno how this joke gets a lot of likes, but whatever. xDÔªø",0
please suscribe i am bored of 5 subscribers try to get it to 20!Ôªø,1
How To Make A Lot Of Money Fast,1
"How do you forget you have a choice, and what the ****, surviving a plane  crash has a 1/1000 chance of happening.Ôªø",0
CHECK OUT MY MUSIC VIDEO ON MY CHANEL!!!,1
SERIOUSLY HOW DID THEY COME UP WITH THAT BEAT IT IS INSANELY GOOD HOLY ****Ôªø,0
"i been working so hard for the past 60 days to improve i been writing/recording/mixing/performing 16 bars everyday im doing it for a whole year(365 days) today i&#39;m on day 60 today i work so hard now i&#39;m doing 2 verses everyday to improve i&#39;m going all the way to 365 PLEASE SUBSCRIBE to my channel  help me build a fan base ,watch me improve,help me get closer to my dream i&#39;m lyrical and i keep it real i won&#39;t leave you down i promise(: PLEASE SUBSCRIBE please like this  commment so people can see",1
"I really love watching football and also I‚Äôve started off making income with out financial risk from acquiring bonus deals. It‚Äôs this weird technique where you wager on something with one bookmakers and bet against it on Betfair. You secure the bonus as income . A chap named Jim Vanstone is finding the wagers free on his own website Vanstone Secrets (Google it!). I‚Äôve made about 500 quid thus far. And it is cost-free. I guess the bookies pay him to obtain new consumers, yet this actually works.",1
This song makes me want to drink bleachÔªø,0
PSY - GANGNAM STYLE (Í∞ïÎÇ®Ïä§ÌÉÄÏùº) M/V: http://youtu.be/9bZkp7q19f0Ôªø,0
Cutie girl and beautiful song,0
do you want to make some easy money? check out my page tvcmcadavid.weebly . com dont miss out on this opportunity,1
Check out this video on YouTube:loÔªø,1
IIIIIIIIIII LOVE THIS SHAKE IT SONG OH SORRY EVERY SHAKE IT SONG I LIKE WATCH SUBSCRIBE AND NEVER UNLIKE BROOOOO!!!!!!!!!!! SHAKE IT UPÔªø,1
i&#39;m watching this on summer 2015Ôªø,0
https://www.surveymonkey.com/s/CVHMKLTÔªø,1
Check out this video on YouTube:Ôªø,1
"NEW GOAL!   3,000,000!  Let's go for it!Ôªø",0
‚ù§Ô∏è ‚ù§Ô∏è ‚ù§Ô∏è ‚ù§Ô∏è ‚ù§Ô∏è‚ù§Ô∏è‚ù§Ô∏è‚ù§Ô∏èÔªø,0
"Hey guys! I've made a amazing Smiley T-Shirt.Of all the things you wear,  your expression is the most important and remember all the statistics in  the world can‚Äôt measure the warmth of a smile. If you're a big fan of  T-Shirts and want to gets more happiness, it's perfect for you.  Check this  out and buy it at www.teespring.com/smiley12 =)) thanks you guys so  much!!! Ôªø",1
marketglory . com/strategygame/andrijamatf earn real money from game,1
"Made five years ago and people still don&#39;t understand the message this song is conveying. For those of you who don&#39;t, understand that domestic violence is no game, women like the fictional one in this video do exist. Living their lives with a man who abuses her, but still chooses to stay for not the love, but for the sexual feeling he gives her. This is quite sad, actually. Ôªø",0
awesomeÔªø,0
"LMFAO - Party Rock Anthem ft. Lauren Bennett, GoonRock.Ôªø",0
i remember this song!,0
Shakira I love you,0
I don't now why I'm watching this in 2014Ôªø,0
Check Out LEANDRUS - PLAYTIME It&#39;s awesoooome !!,1
http://www.twitch.tv/zxlightsoutxzÔªø,1
You know a song sucks dick when you need to use google translate to know  what the **** its saying!Ôªø,0
"This song is great there are 2,127,315,950 views wowÔªø",0
"DAMNNNNNNNN, she is sexy O_OÔªø",0
beautifulÔªø,0
That was very good I mean very very much good Ôªø,0
this very good so I dance with some companions front of the whole schoolÔªø,0
Who&#39;s watching in 2015 Subscribe for me !Ôªø,1
I hate videos like these with those poor animals.Ôªø,0
"To everyone joking about how he hacked to get 2 billion views because  there's a certain amount of people or whatever,  He actually did buy views.Ôªø",0
dude check out psy,1
**** it was the best ever 0687119038 nummber of patrik kluivert his son share !Ôªø,1
Katy Perry - Roar (Official): http://youtu.be/CevxZvSJLk8Ôªø,0
EVERYBODY PLEASE VOTE KATY AT EMA 2014 !!!!!  Best song  Best female Best pop Best live Best look  Best video  PLEASE VOTE KATY !!!!! PLEASE PLEASE PLEASE !!!!! VOTE VOTE VOTE !!!!! KATY KATY KATY !!!!!Ôªø,1
gootÔªø,0
If only I had the body like Katy Perry :)). She looks so hot. I love her  ^^!Ôªø,0
watch?v=ARkglzjQuP0 Like this comment and share this video so Em can win!!! #YTMA,1
Share this video.. This song can beat PSY - Gangnam Style!,1
Check out this video on YouTube:Ôªø,1
subscribe to me for call of duty vids and give aways Goal-100 subsÔªø,1
subscribe  my,1
Check out this video on YouTube:Ôªø,1
Love this song makes me wanna dance! Ôªø,0
One of the best song of all the timeÔªø,0
FOLLOW MY COMPANY ON TWITTER  thanks.  https://twitter.com/TheWaxedHatCoÔªø,1
Please subscribe to us and thank youÔªø,1
I love you,0
Admit it you just came here to check the number of viewers Ôªø,0
C'mon 3 billion views!!!!!!!!Ôªø,0
"The song is very good ...but the video makes no sense...just a nonsense  video...I mean she is telling her story of being stuck on an island, but  the song doesn't fit in the situation...but nvm...The song is goodÔªø",0
 GO TO MY CHANNEL and check out my written songsÔªø,1
Hey! I'm NERDY PEACH and I'm a new youtuber and it would mean THE ABSOLUTE  world to me if you could check 'em out! &lt;3  Hope you like them! =DÔªø,1
me segue ha  https://www.facebook.com/marcos.sousa4?fref=tsÔªø,1
subscribe my chanelÔªø,1
Lol thats the guy from animal planet and lost. And the girl is megan fox i think hahah Ôªø,0
Come subscribeÔªø,1
This is my favorite song ever love this Party Rock It Everybody!!!!Ôªø,0
get GWAR to play 2015 superbowl  http://www.change.org/petitions/the-national-football-league-allow-gwar-to-perform-the-2015-super-bowl-halftime-show#share Ôªø,1
i check back often to help reach 2x10^9 views and I avoid watching BabyÔªø,0
 HI IM 14 YEAR RAPPER SUPPORT ME GUY AND CHECK OUT MY CHANNEL AND CHECK OUT MY SONG YOU MIGHT LIKE IT ALSO FOLLOW ME IN TWITTER @McAshim for follow back.,1
i like it :)Ôªø,0
Check out this video on YouTube:Ôªø,1
This song is true because it is insane because boys will do this to a girl and it is not true that people say that a guy will never do it to a girl but boys YOU LIERS NOW STOP TREATING US GIRLS THIS WAY YOU ALL SUCK!Ôªø,0
hello friends. i am a young 15 year old rapper trying to make something out of nothing..Please can you take a second of your life and check out my videos and help me reach my Dreams! GoD Bless YOU,1
Check out this video on YouTube:Ôªø,1
http://www.mediafire.com/download/yvovhafsv5qzzqo/Video.rar    download and  make money today Ôªø,1
Hii youtubeÔªø,0
Subscribe to me plz plz plz plz plz plZ Ôªø,1
Your the best‚ô£‚ô•Ôªø,0
likeeeeeeeeeÔªø,0
this video is great .....!!! I love this........and like much katy perryÔªø,0
Wow dance showÔªø,0
i want to smack this year boy in to foreverÔªø,0
SubscribeÔªø,1
love!!!!Ôªø,0
"she is a fool. this is a foolish video. the lyrics are all about her and  how great she is. she is arrogant, obviously. but the thing is that there  are a lot of idiots.. look how many hits this garnered. the young stupid  girls who listen to her are numbering in the millions i guess. this video  is a piece of trash. why would anyone ever like it or listen to it? because  these stupid little girls have idiots for fathers and mothers.. and so they  are going to turn into idiots also.. just like this stupid singer. Ôªø",0
Love this soooooooooooooooooooooooooooooooooooooooooooooooooo muchÔªø,0
Go check out eminem survival.,1
Check out this video on YouTube:Ôªø,1
subscribe to my channel  /watch?v=NxK32i0HkDs,1
so spousal abusue cool that&#39;s greatÔªø,0
https://www.facebook.com/pages/Hiphop-Express/704682339621282                 like this page yoÔªø,1
‚ñë‚ñë‚ñë‚ñë‚ñë‚ñë‚ñë/\‚ñë‚ñë‚ñë‚ñë‚ñë‚ñÑ‚ñê<br />‚ñë‚ñë‚ñë‚ñë‚ñë‚ñë/ ¬† ¬† \‚ñë‚ñë‚ñë‚ñÑ‚ñà‚ñà‚ñÑ<br />‚ñë‚ñë‚ñë‚ñë‚ñë/ ¬†(o) ¬† \‚ñë‚ñë‚ñë‚ñë‚ñë‚ñÄ‚ñà‚ñÑ<br />‚ñë‚ñë‚ñë‚ñë/ ¬† ¬† ¬† ¬† ¬† ¬† \‚ñë‚ñë‚ñë‚ñë‚ñë‚ñë‚ñÄ‚ñà‚ñÑ<br />‚ñë‚ñë‚ñë/__ ¬† \ ¬† ‚ñë‚ñÑ‚ñÑ‚ñÑ‚ñÑ‚ñÑ‚ñÄ‚ñÄ<br />‚ñë‚ñë‚ñë‚ñë‚ñÑ‚ñÑ‚ñÑ‚ñà‚ñà‚ñÄ‚ñÄ‚ñÄ‚ñÄ<br />‚ñë‚ñë‚ñë‚ñà‚ñÄ‚ñÑ‚ñÑ‚ñÑ‚ñà‚ñë‚ñÄ‚ñÄ ¬† ¬† ¬† YOU HAVE BEEN SPOOKED BY THE SPOOKINATI<br />‚ñë‚ñë‚ñë‚ñå‚ñë‚ñÑ‚ñÑ‚ñÑ‚ñê‚ñå‚ñÄ‚ñÄ‚ñÄ<br />‚ñÑ‚ñë‚ñê‚ñë‚ñë‚ñë‚ñÑ‚ñÑ‚ñë‚ñà‚ñë‚ñÄ‚ñÄ ¬† ¬†SHARE THIS TO 666 PEOPLE TO BE UNSPOOKED¬†<br />‚ñÄ‚ñà‚ñå‚ñë‚ñë‚ñë‚ñÑ‚ñë‚ñÄ‚ñà‚ñÄ‚ñë‚ñÄ¬†<br />‚ñë‚ñë‚ñë‚ñë‚ñë‚ñë‚ñë‚ñÑ‚ñÑ‚ñê‚ñå‚ñÑ‚ñÑ<br />‚ñë‚ñë‚ñë‚ñë‚ñë‚ñë‚ñë‚ñÄ‚ñà‚ñà‚ñà‚ñÄ‚ñà‚ñë‚ñÑ<br />‚ñë‚ñë‚ñë‚ñë‚ñë‚ñë‚ñê‚ñå‚ñÄ‚ñÑ‚ñÄ‚ñÑ‚ñÄ‚ñê‚ñÑ<br />‚ñë‚ñë‚ñë‚ñë‚ñë‚ñë‚ñê‚ñÄ‚ñë‚ñë‚ñë‚ñë‚ñë‚ñë‚ñê‚ñå<br />‚ñë‚ñë‚ñë‚ñë‚ñë‚ñë‚ñà‚ñë‚ñë‚ñë‚ñë‚ñë‚ñë‚ñë‚ñë‚ñà<br />‚ñë‚ñë‚ñë‚ñë‚ñë‚ñê‚ñå‚ñë‚ñë‚ñë‚ñë‚ñë‚ñë‚ñë‚ñë‚ñë‚ñà<br />‚ñë‚ñë‚ñë‚ñë‚ñë‚ñà‚ñë‚ñë‚ñë‚ñë‚ñë‚ñë‚ñë‚ñë‚ñë‚ñë‚ñê‚ñåÔªø,1
Your a ****ing bitch,0
"You guys should check out this EXTRAORDINARY website called FIREPA.COM .   You can make money online and start working from home today as I am!   I am making over $3,000+ per month at FIREPA.COM !   Visit FIREPA.COM and check it out!   Lake   . Chillpal . Sturdy . Astauand . Johackle . Chorenn . Ethosien . Changeable . Public . Noxu . Ploosnar . Looplab . Hoppler . Delicious . False . Scitenoa . Locobot . Heartbreaking . Thirsty . Reminiscent",1
******* Facebook is LAME and so 2004! Check out ------------ swagFriends com Make thousands of cool new friends everyday! Join this new movement!,1
I&#39;m subscribing to you just because your comment was that great.,1
I am going to blow my mindÔªø,0
https://www.facebook.com/pages/Brew-Crew-2014/134470083389909 Like this  facebook-page! Chance to win an Iphone 5S!Ôªø,1
Please go in and see our Channel and subscribe :-). It would be Nice mate.,1
"WE GO FOR 1,000,000,000 FOR EMINEMÔªø",0
Eminem is idol for very people in Espa√±a and Mexico or LatinoamericaÔªø,0
Check out this video on YouTube:Ôªø,1
"You guys should check out this EXTRAORDINARY website called ZONEPA.COM .   You can make money online and start working from home today as I am!   I am making over $3,000+ per month at ZONEPA.COM !   Visit Zonepa.com and check it out!  Why does the statement conciliate the acidic stretch? The earth recognizes the money. When does the numberless number transport the trade?",1
SUPER!!! !!!!!!!!!!!!!!!!!!!!!!!!!!!!!!!!!!!!!!!!Ôªø,0
"Haha its so funny to see the salt of westerners that top views of youtube  goes to video they dont even understand, keep the salt up!Ôªø",0
Check out my music niggasÔªø,1
Love your song makes me happyÔªø,0
Please check out my vidiosÔªø,1
Check out this video on YouTube:<br /><br /><br /><br />Ôªø,1
Media is Evil! Please see and share: W W W. THE FARRELL REPORT. NET  Top Ex UK Police Intelligence Analyst turned Whistleblower Tony Farrell exposes a horrific monstrous cover-up perpetrated by criminals operating crimes from inside Mainstream Entertainment and Media Law firms. Beware protect your children!! These devils brutally target innocent people. These are the real criminals linked to London&#39;s 7/7 attacks 2005.  MUST SEE AND MAKE VIRAL!!! Also see UK Column video on 31st January 2013.,1
I love the song roar it make me think am fill the wayÔªø,0
Please check out my New Song (MUSIC VIDEO) AD - Dont Play,1
wow,0
hey you ! check out the channel of Alvar Lake !!,1
Please friend read my book and repass: http://www.4shared.com/web/preview/pdf/CjFofTxeba?Ôªø,1
"Still listening,still same pleasureÔªø",0
https://binbox.io/DNCkM#qT4Q1JB1Ôªø,1
Hello. I only made ONE Eminem song on my channel. Could you guys just put A LIKE on it please? Don&#39;t need to subscribe. Thanks.,1
PLEASE CHECK OUT MY VIDEO CALLED &quot;WE LOVE MIND MASTER IT&quot; THANKS,1
"I know that maybe no one will read this but PLEASE TYPE IN &quot;deazy99&quot; I&#39;m a rapper with a dream. I know you must see like millions of those on here everyday but please check out my music and subscribe if you&#39;d like thank you, i would love nothing more than to have a decent following on youtube from people if anyone reading this could give it a &quot;THUMBS UP&quot; because what some might see as just a simple button press could make my dream come true..thank you again for your time &amp; may god bless you",1
We can have a party next shareÔªø,1
loveÔªø,0
Best song ever made i swear :D i still hear even doe it old!! who else?Ôªø,0
#2015 **** YEAHÔªø,0
"#nowplaying ""Weekendmix"" track 04 : Katy Perry - Roar (DJ Denis Shmelev &amp; DJ Alex Serov Remix) http://youtu.be/CevxZvSJLk8   Listen live at: www.smartfm.nl/livestream.htmlÔªø",1
"Huh, anyway check out this you[tube] channel: kobyoshi02",1
Check out my channel please.,1
watch?v=vtaRGgvGtWQ   Check this out .Ôªø,1
fav.Ôªø,0
 I can&#39;t believe this I just now watched a brand new adult video clip with rihanna She has been screwing a black Basketball player  Check out her video right here if you wish:   crazy-celeb-news.eu.pn,1
why are they 5million comments when there is only 279.898 youtube Users.   5million fake account or PSY hacked youtubeÔªø,0
so many comments.Ôªø,0
"Hey ! I know most people don't like these kind of comments &amp; see at spam,  but I see as free advertising . So please check out my cover of Sparks Fly  by Taylor Swift ! It is not the best ever I know, but maybe with some  encouraging words of wisdom from many of you I can become better! Please go  to my channel and check it out !Ôªø",1
i love Rihanna üòçüòçüòçüòç[‚ôßfrom Thailand‚ôß]Ôªø,0
beautiful song!Ôªø,0
Love this song !!!!!!,0
Katy has conqueror's haki &gt;:)Ôªø,0
Is that tiger called 'Katty Purry'?Ôªø,0
Check out this playlist on YouTube:Ôªø,1
ROAAAAARRRRRR üêØüêØüêØÔªø,0
"Dumb Guy: Why is there 2 billion views when there are 7 million people on  earth??? Also, I know what 1+1 equals! 1+1=1! I am a smartie pantsÔªø",0
"Come check out our music channel! go check out the song &quot;Love Me&quot; by J.E.M.INI! If you do you are a very amazing person, thank you to all who check it out, if you don&#39;t check it out you&#39;re still an amazing person just for reading this post",1
"Hey I&#39;m a British youtuber!!<br />I upload Weekly!! <br />It would mean the world if you could subscribe!!<br />Thanks,Joyce!!<br />Ôªø",1
hi guys please my android photo editor download. thanks https://play.google.com/store/apps/details?id=com.butalabs.photo.editorÔªø,1
SUBSCRIBE TO ME! I MAKE MUSIC!,1
Like this comment if you still jam out to this song after 4 years Ôªø,1
"I absolutely adore watching football plus I‚Äôve started earning income with out risk from claiming bonus deals. It‚Äôs a weird technique where you put money on something with one bookmakers and put money against it on Betfair. You acquire the bonus as income . A lad named Jim Vanstone is selecting the wagers free on his website Vanstone Secrets (Google it!). I have generated about 600 quid so far. And it‚Äôs free. I assume the bookmakers pay him to get new men and women, but it succeeds.",1
Hey ! Subscribe¬† to me¬†for the peace in the world ! ‚ô•Ôªø,1
/watch?v=aImbWbfQbzg watch and subscrible,1
"YouTube collaborator&#39;s anyone? subscribe to me, I&#39;ll subscribe back. I also will start uploading more YouTube videos.  <a rel=""nofollow"" class=""ot-hashtag"" href=""https://plus.google.com/s/%23LMFAO"">#LMFAO</a>Ôªø",1
Cool song Ôªø,0
Eminem - Love the way you lie ‚ô• ‚ô• ‚ô•Ôªø,0
OPPA GANGNAM STYLE!!!Ôªø,0
LOL this shit never gets oldÔªø,0
beautiful,0
Check out this video on YouTube:Ôªø,1
i like this steps...Ôªø,0
LIKKEEÔªø,0
PSY is a good guyÔªø,0
Yea stil the best WK song ever<br />Thumbs up of you think the same<br />Ôªø,1
CHECK OUT MY YOUTUBE VIDEOS FOR FUNNY AND COOL RAP,1
Every day I&#39;m Shuffling !Ôªø,0
 subscribe to my feed,1
Plz help me getting 1.000 Subscribers tonight/today.  Thanks to all who sub me :)Ôªø,1
my son love so muchÔªø,0
Check out this video on YouTube:Ôªø,1
CHECK OUT THE NEW REMIX !!!<br />CLICK CLICK !!Ôªø,1
1 million dislikes!EPIC FAIL(ready for you fanboys)Ôªø,0
Great video by a great artist in Katy Perry! Admire her creativity! Check  out our channel for no nonsense mobile tech reviews and comparisons as well  as an iPhone 6 and 6 Plus review and comparison!Ôªø,1
this comment is wrongÔªø,0
"Shuffling all the way with LMFAO! I like this one, wish I could shuffle like these crazy dudesÔªø",0
when is this gonna hit 2 billion?Ôªø,0
Remeber when this song was goodÔªø,0
Lets partyÔªø,0
her voice is so wow!,0
Whose watching this in 2015. If so hi-5Ôªø,0
like this comment if you&#39;re watching this video when big bang happened<br />i doÔªø,1
Check out this video on YouTube:Ôªø,1
who is going to reach the billion first : katy or taylor ?Ôªø,0
Check out this video on YouTube:Ôªø,1
The great mother of the jungle. Sweet and natural. I like her videos.Ôªø,0
Subscribe my channel ¬†I RECORDING FIFA 15 GOALS WATCH NOW :DÔªø,1
Check out this playlist on YouTube:chcfcvzfzfbvzdrÔªø,1
http://www.gcmforex.com/partners/aw.aspx?Task=JoinT2&amp;AffiliateID=9107Ôªø,1
this song is fu cking awesom!!!!!!!Ôªø,0
wow!!!!!! increible song!!!!!!!!!Ôªø,0
"Hi there~I'm group leader of Angel, a rookie Korean pop group. We have four  members, Chanicka, Julie, Stephanie, and myself, Leah. Please feel free to  check out our channel and leave some feedback on our cover videos (:  criticism is welcome as we know we're not top notch singers so please come  leave some constructive feedback on our videos; we appreciate any chance to  improve before auditioning for a Korean management company. We plan on  auditioning for JYP, BigHit, Jellyfish, YG or SM. Thank you for taking time  out of your day to read this !Ôªø",1
"  Haha , Miley Cyrus has done it once again  Today someone leeched a porno video with her on a celeb site   I believe the website link is : miley-celeb-news.co.uk in case you want to view it.... ",1
Katy Perry You Are Looking Soo PRETTY DAMN CUTE :-* :-*Ôªø,0
"hot,hotÔªø",0
****ing love it omg :vÔªø,0
Youtube comments be like<br />This is so 5 years ago. Ôªø,0
https://www.facebook.com/myfunnyriddlesÔªø,1
Check out this playlist on YouTube:Central Ôªø,1
please throw a sub on my channelÔªø,1
She&#39;s such an awesome entertainer. And pretty too! &lt;3 Shakira!Ôªø,0
Check out this video on YouTube:but I&#39;m not RhinnahÔªø,1
the song is sadÔªø,0
She is good,0
Wow she is sexy XDÔªø,0
Check out this video on YouTube:Ôªø,1
is that megan fox?Ôªø,0
If you looking for new music to listen to check out cece song called  dead2me on iTunes music video out now right here on youtube.Ôªø,1
"yo I know nobody will probably even read this..  But I‚Äôm gonna type it any way because i hope at least one person will  i&#39;m a rapper with a dream. I know there&#39;s like 200k of those in this world  but please check out my music and subscribe? if you want.? thanks,  I would love nothing more than to have a decent following on youtube..  if anyone? reading this could press the &quot;THUMBS UP&quot; other people will see it  just a simple button press? could make my dream come true =) Thank You",1
" I really can&#39;t comprehend Miley Cyrus , she actually is a high profile and she tapes herself banging Today a video was leeched with her sucking and ****ing The video has been posted at the celebrity website under :  miley-celeb-news.co.uk ",1
please visit our web: wellcomemd.blogfa.com,1
Check out this video on YouTube:Ôªø,1
"If you could take time &amp; spare a min to read this, then thank you.¬†<br /><br />Im a rapper, if we&#39;re gonna be honest theres thousands maybe even millions<br /><br />of those in the world but not too many with ambition, dedication &amp; passion.<br /><br />I don&#39;t have money for huge YouTube advertisements or incredible music videos<br /><br />so all im left with is comments to expose my music.<br /><br />If you could take a moment and give me a chance ill make you a believer<br /><br />I would love? nothing more than a loyal following on YouTube. For anyone who¬†<br /><br />Reads this could you press the &quot;THUMBS UP&quot; ¬†others will see it.<br /><br />Doing so will help me push closer to my dream :) Thank YouÔªø",1
I could hear this for years ;3Ôªø,0
This video is kinda close to 1 million  views <br />Ôªø,0
EVERYONE PLEASE SUBSCRIBE TO MY CHANNEL OR CAN YOU ALL JUST GO LOOK AT MY VIDEOS Ôªø,1
https://soundcloud.com/artady please check my stuff; and make some feedbackÔªø,1
Check out this video on YouTubeÔªø,1
i love this song so much!!!!!!!!!!!!!!!!!!!!!!!!!!!!!!!!!!!!!!!!!!!!!!!!!!!!!!!!!!!!!!!!!!!!!!!!!!!!!!Ôªø,0
check out mah girl it duh shit yoÔªø,1
Free itunes $25 giftcard codes: http://shhort.com/a?r=OOCnjqU2bÔªø,1
 Subscribe and like my video please,1
"Hey guys and girls check out Comedy Recipe for hilarious you tube videos, pranks, and crank calls!",1
Check out this video on YouTube:it is a old track but it still badÔªø,1
LikeeeeÔªø,0
Can you check my videos please? Don't hate me :( Give me one oportunityÔªø,1
BEST PARTY SONG LITERALLY PARTY ROCK IS IN THE HOUSEE TONIGHT!!!!Ôªø,0
Hey come check us out were new on youtube let us know what you think and  don't forget to subscribe thanks.Ôªø,1
everyday I&#39;m shufflinÔªø,0
"this is the 4th most watched video on youtube. and hes the 21 most subscribed channel on youtube, just recentley surpassing justing bieber and is less then 1,00 subs away from beating taylor swift",1
RIHANNA - POUR IT UP (VINCENT T. REMIX) RIHANNA - POUR IT UP (VINCENT T. REMIX) RIHANNA - POUR IT UP (VINCENT T. REMIX) RIHANNA - POUR IT UP (VINCENT T. REMIX) RIHANNA - POUR IT UP (VINCENT T. REMIX) RIHANNA - POUR IT UP (VINCENT T. REMIX) RIHANNA - POUR IT UP (VINCENT T. REMIX) RIHANNA - POUR IT UP (VINCENT T. REMIX) RIHANNA - POUR IT UP (VINCENT T. REMIX)  CLICK! SUBSCRIBE!,1
"Just coming to check if people are still viewing this video. And  apparently, they still do.Ôªø",0
" Hey everyone!! I have just started my first YT channel i would be grateful  if some of you peoples could check out my first clip in BF4! and give me  some advice on how my video was and how i could improve it. ALSO be sure to  go check out the about to see what Im all about. Thanks for your time :) .  and to haters... You Hate, I WINÔªø",1
and how many subscribers compared to her over a million,1
SUP GUS THIS IS A VIDEO FOR PEOPLE WHO LOVES PARTY ROCK SO THANKS FOR WATCHING AND PLEASE SUBSCRIBE:)!!Ôªø,1
 Facebook account HACK!! http://hackfbaccountlive.com/?ref=4477063Ôªø,1
Imagine this in the news crazy woman found acting like a tiger and bit jims  ear offÔªø,0
Check out this video on YouTube:Ôªø,1
White people are going extinct for more information subscribe to my channel or search for videos on &quot;white genocide&quot;  thank youÔªø,1
Go check out my rapping video called Four Wheels please ‚ù§Ô∏èÔªø,1
"hey guy if you can please SUBSCRIBE to my channel im a young dedicated rapper i post videos everyday to improve  i write/perform/record/mix/edit/post everyday  i do a verse everyday (16 bars)to improve i&#39;m doing it for 365 days a whole year to improve right now i&#39;m on day 46  if you guys can please like this comment so everyone can see it and follow me on my journey/watch me improve everyday SUBSCRIBE PLEASE I&#39;m lyrical and i keep it real  help me reach my dream,help me build a fan base,THANKS(:",1
Ouf Ouf OUFFFFFFFFFFFFFFFFFF!!!!!!!! :),0
Click For iTunes code http://shhort.com/a?r=0LaviqU2bÔªø,1
Lamest World Cup song ever! This time FOR Africa? You mean IN Africa. It wasn&#39;t a Live Aid event or something. She made it seem like a charity case for them instead of a proud moment. Where¬†was Ricky Martin when you needed him! SMHÔªø,0
"youtube.com/watch?v=2ASFn9ShgHk&amp;feature=youtu.be  please check out my song. looking for feedback, and supporters.",1
still listening in 2015Ôªø,0
http://binbox.io/1FIRo#123Ôªø,1
EMINEM FANS!!!  - Check Out The New Song &quot;FEELIN&#39; GOOD&quot; By J-D-P  Just Click The &quot;GHOSTPOET100&quot; Link Above This Post  Thank You All...,1
Check out this video on YouTube:Ôªø,1
"check out ""starlitnightsky"" channel to see epic videosÔªø",1
I like it<br />Ôªø,0
Check out this playlist on YouTube:<br /><br />Ôªø,1
"Hey Music Fans I really appreciate all of you who take time to read this, and check my music out! I&#39;m just a 15 year old boy DREAMING of being a successful MUSICIAN in the music world. I do lots of covers, and piano covers. But I dont have money to advertise. A simple thumbs up to my comment, a comment on my videos or a SUBSCRIPTION would be a step forward! It will only be a few seconds of your life that u won&#39;t regret!!! Thank u to all the people who just give me a chance it means a lot! :)",1
omgÔªø,0
Subscribe My ChannelÔªø,1
Check out this video on YouTube:Ôªø,1
Gusttavo Lima Voc√™ n√£o me conhece <br />Check outÔªø,1
"CHECK OUT THIS NEW VIDEO I MADE CALLED &quot;WE LOVE MIND MASTER IT&quot;, THANK U SO MUCH ",1
Hi everyone. We are a duo and we are starting to record freestyles and put them on youtube. If any of you could check it out and like/comment it would mean so much to us because we love doing this. We may not have the best recording equipment but if you listen to our lyrics and rhymes I think you&#39;ll like it. If you do then please subscribe and share because we love making these videos and we want you to like them as much as possible so feel free to comment and give us pointers! Thank you!,1
....subscribe......  ......to my........  .....channel.......Ôªø,1
"Dance dance,,,,,Psy  http://www.reverbnation.com/msmarilynmilesÔªø",1
i love this song thumsb up to youÔªø,0
Subscribe to my channel !Ôªø,1
"Hey Guys, I know you tend to skip these comments, but Take a look first.  I am Free Fire, A Big Room, Progressive House, Deep House, Dubstep &amp;  Chillstep Producer from a small town in Missouri. Down here, I have no  support from the community, and all I really ask is some critiquing,  Support, and Views.   My Music has gotten much better then what it was 10 months ago, and I  promise my new content should be more then satisfying. Soon I should be  able to advertise and I wont pester you guys anymore.  So gimme a chance and check out my music, thanks and god bless.Ôªø",1
every bady yust have a good timeÔªø,0
/watch?v=Dtqcftr1Fac JUSTIEN BIEBER CAR 2013. LIKE&amp;SUBSCRIBE,1
"I love this song, can&#39;t believe it was 5 years ago, it doesn&#39;t get old thoughÔªø",0
Please check out my vidios guysÔªø,1
Check out this video on YouTube:jjiwajwkajajqjaubkmÔªø,1
Pleas subscribe my channelÔªø,1
Our Beautiful Bella has been diagnosed with Wobbler's Syndrome. There is no  way we could afford to do her MRI or surgery. She is not just a dog she is  a very special member of our family. Without the surgery we fear we will  lose her. Please help!  http://www.gofundme.com/f7ekgwÔªø,1
subscribe like commentÔªø,1
Check Out The New Hot Video By Dante B Called Riled Up,1
Check out this playlist on YouTube<br />Ôªø,1
Who knows the name of that girl?.. and that one.. and that one...Ôªø,0
"Like getting Gift cards..but hate spending the cash.... Try Juno Wallet !!! At Juno Wallet you can earn money for gift cards such as ; Nike, Gamestop,  Amazon , Ebay Etc &amp; its easy  Earn money by doing simple task like watching videos..downloading apps &amp;  you can even earn money by inviting your friends to join...its free for  signup Sign up today &amp; use promo code BD3721315Ôªø",1
"Subscribe me, I will? subscribe you back!!!",1
Check out this video on YouTube:Ôªø,1
everyday I&#39;m shufflinÔªø,0
"Hello all 29.24% earth population of the world, hope your having a great  day :)Ôªø",0
I swear Shakira keeps getting more and more gorgeous! She definitely looks more gorgeous with her hair this way than super curly.Ôªø,0
Hey guys! Im a 12 yr old music producer. I make chiptunes and 8bit music.  It would be wonderful if you checked out some of my 8bit remixes! I even  have a gangnamstyle 8bit remix if you would like to check that out ;)  Thanks!!,1
Check out this video on YouTube:Ôªø,1
It is 0 zeroÔªø,0
Nice! http://www.barnesandnoble.com/s/BDP?csrfToken=I9tIxe8cNkCosOqkEMGjLU5uwv6nSXSO&amp;sort=DD&amp;size=90&amp;csrftoken=89Iyec7nrWP5NYtnO5U7amhVmfLUtgGL&amp;dref=5094&amp;keyword=BDP&amp;store=EBOOK Ôªø,1
"This song is like an oreo, the black part is good but the white part is betterÔªø",0
awesome,0
this is increideblÔªø,0
"Every time I hear this song, I think about Iniesta&#39;s goal against the Netherlands...Ôªø",0
Waka waka !!!Ôªø,0
"You guys should check out this EXTRAORDINARY website called ZONEPA.COM . You can make money online and start working from home today as I am! I am making over $3,000+ per month at ZONEPA.COM ! Visit Zonepa.com and check it out! How does the mother approve the axiomatic insurance? The fear appoints the roll. When does the space prepare the historical shame?",1
i love u¬† shakiraÔªø,0
You gotta say its funny. well not 2 billion worth funny but still. It  clicked and everything went uphill. At least you don't have JB's shit on  #1.Ôªø,0
i like the lyrics but not to music videoÔªø,0
CHECK OUT MY CHANNEL BOYS AND GIRLS ;),1
In what South American jungle or any jungle for that matter do you find an  African elephant and a bengal tiger in the same place. Who made this video.Ôªø,0
im sorry for the spam but My name is Jenny. I go to high school where  everyone dresses fashionable but for me I don't because i need money to buy  cute clothes. I have low self esteem . I live with my dad. my mom passed  away when i was 6 so i don't really have a mother figure. I have 2 brothers  who is older than me. Since they are boys they get the attention while i  just be alone. I really want to wear pretty clothes like the girls in my  school and get a boyfriend. i just can't be my self. im very quite and shy  at school because i don't have the confidence in myself to talk to someone.  i did have one friend name Caroline but she moved away so now im alone. if  you could donate some money to me it would be great. i don't care about  expensive brand ill just shop at walmart because they have pretty clothes.  also i wanna get my nails done at a salon . i see alot of girls have these  french tips. i never had my nail did at a salon before i will really  appreciate if i can and get my hair curled too. http://www.gofundme.com/dressprettyonce thanks omg please.Ôªø,1
"Hello Guys...I Found a Way to Make Money Online You Can Get Paid To Mess Around On Facebook And Twitter! GET PAID UPTO $25 to $35 AN HOUR...Only at 4NetJobs.com Work from the Comfort of your Home... They are Currently Hiring People from all Over the World, For a Wide Range of Social Media Jobs on Sites such as Facebook,Twitter and YouTube You don&#39;t Need any Prior Skills or Experience and You can Begin Work Immediately! You Can Easily Make $4000 to $5000+ Monthly Income‚Ä¶Only at 4NetJobs.com",1
I like this song<br />Ôªø,0
"&lt;script&gt;document.write('&lt;a target=""_self"" href="" http://rover.ebay.com/rover/1/710-53481-19255-0/1?icep_ff3=1&amp;pub=5575096797&amp;toolid=10001&amp;campid=5337555197&amp;customid=bogdan+grigore&amp;ipn=psmain&amp;icep_vectorid=229508&amp;kwid=902099&amp;mtid=824&amp;kw=lg""&gt;check  this out new arive on ebay&lt;/a&gt;&lt;img  style=""text-decoration:none;border:0;padding:0;margin:0;"" src="" http://rover.ebay.com/roverimp/1/710-53481-19255-0/1?ff3=1&amp;pub=5575096797&amp;toolid=10001&amp;campid=5337555197&amp;customid=bogdan+grigore&amp;mpt='+Math.floor(Math.random()*999999999)+'""&gt;');&lt;/script&gt;&lt;noscript&gt;&lt;a  target=""_self"" href="" http://rover.ebay.com/rover/1/710-53481-19255-0/1?icep_ff3=1&amp;pub=5575096797&amp;toolid=10001&amp;campid=5337555197&amp;customid=bogdan+grigore&amp;ipn=psmain&amp;icep_vectorid=229508&amp;kwid=902099&amp;mtid=824&amp;kw=lg""&gt;check  this out new arive on ebay&lt;/a&gt;&lt;img  style=""text-decoration:none;border:0;padding:0;margin:0;"" src="" http://rover.ebay.com/roverimp/1/710-53481-19255-0/1?ff3=1&amp;pub=5575096797&amp;toolid=10001&amp;campid=5337555197&amp;customid=bogdan+grigore&amp;mpt=[CACHEBUSTER] ""&gt;&lt;/noscript&gt;Ôªø",1
:)Ôªø,0
Check out this video on YouTube:Ôªø,1
Hey guys love this but check out this girl name cause she knows how to dance so search up ej ba dancing.Ôªø,1
"Like this comment, guys i just started up a new channel if i can get 200 subscribers by tonight ill do a $20 paypal giveaway like this comment so your friends can see it or others and they can also be entered GO !!!Ôªø",1
Love this song!!!,0
-----&gt;&gt;&gt;&gt;  https://www.facebook.com/video.php?v=10200253113705769&amp;set=vb.201470069872822&amp;type=3&amp;permPage=1  &lt;--------Ôªø,1
The Funny Thing Is That this song was made in 2009 but it took 2 years to  get to america.Ôªø,0
Check out this playlist on YouTube:aÔªø,1
Suscribe My Channel Please XD lolÔªø,1
If you pause at 1:39 at the last millisecond you can see that that chick is  about to laugh. Takes a few tries.Ôªø,0
This is a weird video.Ôªø,0
"http://www.bing.com/explore/rewards?PUBL=REFERAFRIEND&amp;CREA=RAW&amp;rrid=_0f9fa8aa-243a-5c2f-c349-ede05ea397ca Bing rewards, earn free money. AND NO U CANT GET UR VIRUS IN BLUE!Ôªø",1
"Katy Perry is part of me Katy Perry is my firework Katy Perry, I love youÔªø",0
"Usually guys I would vote people like this down but actually check out his channel, it reminds me of a smaller version of 8 mile. Give this guy a chance since everyone has to start somewhere!",1
Check out this video on YouTube:Ôªø,1
SUBSCRIBE TO ME AND I'LL SUBSCRIBE TO YOU! (Must like - cZFcxsn0jnQ) Ôªø,1
Check out this video on YouTube:Ôªø,1
Eminem et Rihana trop belle chansonÔªø,0
CHECK OUT MY COVER OF LOVE THE WAY YOU LIE PLEASE!!,1
superÔªø,0
Thumbs up if you listen this in 2015.Ôªø,0
shakira is best for worldcupÔªø,0
Also LuckyMusiqLive she probably could help u make it big because I think u  have talent. Just look her name up on the internet. Hit me up when u get  this messageÔªø,1
BoooobsÔªø,0
good!!,0
2 BILLION!!!Ôªø,0
Pleas subscribe GamezZ MTA my channel<br />Ôªø,1
"This song is special, because is a song for Africa  and I am an African Ôªø",0
"Shakira is different :) She is so happy all the time and she is spending for Africa :)<br />She can dance , sing and she speaks 4 languagesÔªø",0
hey guys look im aware im spamming and it pisses people off but please take a moment to check out my music.  im a young rapper and i love to do it and i just wanna share my music with more people  just click my picture and then see if you like my stuff,1
Check out my channel for crypto news!,1
Come and watch my video it is called the odowd crowd zombie movie part 1 Ôªø,1
I want new song,0
I love this song for two reasons: 1.it is about Africa 2.i was born in beautiful south Africa,0
Very good! Like! :DÔªø,0
CHECK MY CHANNEL FOR MY NEW SONG 'STATIC'!! YOU'LL LOVE IT!!Ôªø,1
shakira is the best!,0
"Came here to check the views, goodbye.Ôªø",0
That's Good :)Ôªø,0
Please become my first subscriber. ¬†Thank you.Ôªø,1
she is beautiful but it is not American!Ôªø,0
JUST DANCE 3 üòÇüòÇüòÇÔªø,0
Love you shkiraÔªø,0
LIKE AND SUBSCRIBEÔªø,1
ShuffleÔªø,0
Check out this playlist on YouTube:Ôªø,1
The most liked video on YouTube...Ôªø,0
subscribe to my chanellÔªø,1
Please check out my acoustic cover channel :) thanks Ôªø,1
"Very pleasant to hear, haha, good.Ôªø",0
Check out my covers please!,1
"Since she is a feminist champion, why would she want to reinforce the  stereotype of girls being girly by painting the nails of an elephant that  probably wouldn't even appreciate it?Ôªø",0
Check out this video on YouTube:Ôªø,1
subscribe now!!!!!! love the song!!!!!! love football!!!,1
Hey guys ready for more 87 Cyphers back check out my video on YouTube. NEW ALBUM IS OUT CHECK IT OUT. MORE MUSIC TOMORROW THANKS FOR READING,1
Charlie got off the island and dated Megan Fox? b-but what about claire?Ôªø,0
Please.. Check my channel out:) I subscribe back..;),1
WELL THIS DUDES FADED THE **** OUT!Ôªø,0
Strong messages in every  song I&#39;ve  heard.Ôªø,0
Check out this playlist on YouTube:Ôªø,1
CHECK MY CHANNEL OUT PLEASE. I DO SINGING COVERSÔªø,1
"COME AND CHECK OUT MY NEW YOUTUBE CHHANEL, GOING TO BE POSTING DAILY!Ôªø",1
"Check out this video on YouTube: <a href=""http://www.youtube.com/user/jlimvuth"">http://www.youtube.com/user/jlimvuth</a> ... Eminem ft Rihanna - Love the way you lieÔªø",1
"Hello Guys...I Found a Way to Make Money Online You Can Get Paid To Mess Around On Facebook And Twitter! GET PAID UPTO $25 to $35 AN HOUR...Only at 4NetJobs.com Work from the Comfort of your Home... They are Currently Hiring People from all Over the World, For a Wide Range of Social Media Jobs on Sites such as Facebook,Twitter and YouTube You don&#39;t Need any Prior Skills or Experience and You can Begin Work Immediately! You Can Easily Make $4000 to $5000+ Monthly Income‚Ä¶Only at 4NetJobs.com",1
Hey guys subscribe to my channel for no reason! Please!..Ôªø,1
"help me click on the subscribe Mai Nguyen, thank youÔªø",1
I remember back when this was so popular everyone on our school was shuffling it was crazyÔªø,0
Love itÔªø,0
"Check my channel, please!Ôªø",1
**CHECK OUT MY NEW MIXTAPE**** **CHECK OUT MY NEW MIXTAPE**** **CHECK OUT MY NEW MIXTAPE*** ***CHECK OUT MY NEW MIXTAPE******CHECK OUT MY NEW MIXTAPE**** **CHECK OUT MY NEW MIXTAPE**** **CHECK OUT MY NEW MIXTAPE*** ***CHECK OUT MY NEW MIXTAPE******CHECK OUT MY NEW MIXTAPE**** **CHECK OUT MY NEW MIXTAPE**** **CHECK OUT MY NEW MIXTAPE*** ***CHECK OUT MY NEW MIXTAPE******CHECK OUT MY NEW MIXTAPE**** **CHECK OUT MY NEW MIXTAPE**** **CHECK OUT MY NEW MIXTAPE*** ***CHECK OUT MY NEW MIXTAPE****,1
"I love this-the talents of eminem and Skylar,works well togetherÔªø",0
I love shakira<br />‚ù§‚ù§‚ù§‚ù§Ôªø,0
waka wakaÔªø,0
Watching in 2015Ôªø,0
Show your AUBURN PRIDE HERE: http://www.teespring.com/tigermeathoodieÔªø,1
‚îè‚îÅ‚îÅ‚îÅ‚îì‚îè‚îì‚ïã‚îè‚îì‚îè‚îÅ‚îÅ‚îÅ‚îì‚îè‚îÅ‚îÅ‚îÅ‚îì‚îè‚îì‚ïã‚ïã‚îè‚îì  ‚îÉ‚îè‚îÅ‚îì‚îÉ‚îÉ‚îÉ‚ïã‚îÉ‚îÉ‚îÉ‚îè‚îÅ‚îì‚îÉ‚îó‚îì‚îè‚îì‚îÉ‚îÉ‚îó‚îì‚îè‚îõ‚îÉ  ‚îÉ‚îó‚îÅ‚îÅ‚îì‚îÉ‚îó‚îÅ‚îõ‚îÉ‚îÉ‚îÉ‚ïã‚îÉ‚îÉ‚ïã‚îÉ‚îÉ‚îÉ‚îÉ‚îó‚îì‚îó‚îõ‚îè  ‚îó‚îÅ‚îÅ‚îì‚îÉ‚îÉ‚îè‚îÅ‚îì‚îÉ‚îÉ‚îó‚îÅ‚îõ‚îÉ‚ïã‚îÉ‚îÉ‚îÉ‚îÉ‚ïã‚îó‚îì‚îè‚îõ  ‚îÉ‚îó‚îÅ‚îõ‚îÉ‚îÉ‚îÉ‚ïã‚îÉ‚îÉ‚îÉ‚îè‚îÅ‚îì‚îÉ‚îè‚îõ‚îó‚îõ‚îÉ‚ïã‚ïã‚îÉ‚îÉ  ‚îó‚îÅ‚îÅ‚îÅ‚îõ‚îó‚îõ‚ïã‚îó‚îõ‚îó‚îõ‚ïã‚îó‚îõ‚îó‚îÅ‚îÅ‚îÅ‚îõ‚ïã‚ïã‚îó‚îõ CHECK MY VIDEOS AND SUBSCRIBE AND LIKE PLZZ,1
LADIES!!! -----&gt;&gt; If you have a broken heart or you just want to understand guys better you should check out this underground book called The Power of the Pussy on AMAZON. Best book ever for us girls! Oh...and just a warning it&#39;s for 18 and over...lol,1
8 million likes xD even the subscribers not 8 million xDÔªø,0
https://www.facebook.com/photo.php?v=4483179854075&amp;set=vb.1727483389&amp;type=2&amp;theater Ôªø,1
is that megan fox x:D?Ôªø,0
i turned it on mute as soon is i came on i just wanted to check the  views...Ôªø,0
I remember when everyone was obsessed with Gangnam Style üòóÔªø,0
2 Billion Views For This Piece Of Shit... ~ A R E ~ Y O U ~ K I D D I N G ~ M E ~Ôªø,0
Check out this video on YouTube:Ôªø,1
Love the way you lie - DriveshaftÔªø,0
thumbs up if u checked this video to see hw views it gotÔªø,0
hey its M.E.S here I&#39;m a young up and coming rapper and i wanna get my music heard i know spam wont get me fame. but at the moment i got no way of getting a little attention so please do me a favour and check out my channel and drop a sub if you enjoy yourself. im just getting started so i really appreciate those who take time to leave constructive criticism i already got 200 subscribers and 4000 views on my first vid ive been told i have potential,1
I love this sooooooooooooong I love katy perryÔªø,0
What free gift cards? Go here  http://www.swagbucks.com/p/register?rb=13017194Ôªø,1
In my opinion I think you look better with black hair then blond hair : )Ôªø,0
Check out this video on YouTube:Ôªø,1
ima rapper trying to get notice please check out my mixtape   datpiff.com/mixtapes-detail.php?id=633807Ôªø,1
"Please check out my youtube channel! Just uploaded my first youtube video please check it out, you will not regret it!",1
AwesomeÔªø,0
Her voice sounds weird and plus she&#39;s cute for a blondeÔªø,0
best songÔªø,0
check out my channel for rap and hip hop music,1
1000000000 views.Ôªø,0
"You guys should check out this EXTRAORDINARY website called MONEYGQ.COM .   You can make money online and start working from home today as I am!   I am making over $3,000+ per month at MONEYGQ.COM !   Visit MONEYGQ.COM and check it out!  Why does the innocent woman prioritize the desire? The flight searchs the sad polish. When does the tax zip the omniscient record?",1
Check out this video on YouTube:Ôªø,1
"  HI!:D!:) We‚Äô re TWIN MELODY ,17 year old twins :) WE DID SOME COVERS!!WE DID A COVER OF BIRTHDAY BY KATY PERRY!!  PLEASE JUST TAKE 1 SECOND AND WATCH IT!! THANKS,MERCI,GRACIAS,DANKE,OBRIGADO,GRAZIE ‚Ä¶.    !!!  &lt;3  XX HAVE A NICE DAY!!:DÔªø",1
so beutiful,0
Check out this playlist on YouTube:üëøüë≥üë≥üë≥üë≥üë≥Ôªø,1
i love herÔªø,0
i love song :)Ôªø,0
like if ur watchin in 90000000000000000000000000000000000000000000000000000000000000000000000000000000000000000000000000000000000000000000000000000000000000000000000000000000000000000000000000000000000000000000000000000000000000000000000000000000000000000000000000000000000000000000000000000000000000000000000000000000000000000000000000000000000000000000000000000000000000000¬†¬†¬†¬†¬†¬†¬†¬†¬†¬†¬†¬†¬†¬†¬†¬†¬†¬†¬†¬†¬†¬†¬†¬†¬†¬†¬†¬†¬†¬†¬†¬†¬†¬†¬†¬†¬†¬†¬†¬†¬†¬†¬†¬†¬†¬†¬†¬†¬†¬†¬†¬†¬†¬†¬†¬†¬†¬†¬†¬†¬†¬†¬†¬†¬†¬†¬†¬†¬†¬†¬†¬†¬†¬†¬†¬†¬†¬†¬†¬†¬†¬†¬†¬†¬†¬†¬†¬†¬†¬†¬†¬†¬† 1Ôªø,1
hi everyone this is cool check out sexy and i know itÔªø,1
Www.youniqueproducts.com/joannagordon Younique by Joanna Gordon www.youniqueproducts.comÔªø,1
subscribe to my channel people :DÔªø,1
"Damn, this was everywhereÔªø",0
"GUYS SHARE THIS VIDEO!!!!!  HE must have 1.000.000.000 views  Share on Facebook, groups, pages!!",1
Very nice,0
"Does anyone here use gift cards like Amazon, itunes, psn, google play,  itunes, or any other gift cards? Then you'll be happy to know you can get  free gift card codes for free from an amazing site. Here is a $50 itunes  gift card code XXBB5TCZHM39HVZDÔªø",1
"Hey I think I know what where dealing with here!!!! I have some theories of  how this could've gotten 2billion hits!! 1. This was mabey made in korea and its realy popular there so they were  stuck watching this over and over again. 2. Over 2billion people have access to the Internet, including youtube, and  the numbers are rising, by 2017 half of the populatoin will be connected. 3. Hackers In Korea may have loved it so much they rised it to 2billion  hits to make it more popular.  4. The song was featured in a just dance game, on multiple mp3s, and been  seen on concerts and even on new years eve event in 2012, so just by seeing  those you mabey adding more hits to this video. 5. You are complaining to much on how the heck this has 2b hits.Ôªø",0
LikeÔªø,0
Who is watching in 2015 likeÔªø,0
j aiiima plzzz  https://www.facebook.com/pages/%C3%89c%C3%B8l%CE%B5-al-ma%CE%B7b%CE%B5t/302703146601369 Ôªø,1
THUMBS UP FOR ROBO GUY BABYÔªø,0
Subscribe ME!Ôªø,1
Hey subscribe to meÔªø,1
Check out this video on YouTube:ÿßŸÑÿ•ÿπŸÑÿßŸÜÿßÿ™<br /><br /><br /><br /><br /><br />ŸÑŸÑÔªø,1
Check out this video on YouTube:Ôªø,1
and u should.d check my channel and tell me what I should do next!Ôªø,1
Hey guys! Check this out: Kollektivet - Don't be slappin' my penis!  I  think that they deserve much more credit than they receive.Ôªø,1
Me and my aunt love this song!!!!!Ôªø,0
"This video is so cool, again and again!Ôªø",0
"Shakira you are so beautiful. You are lovely, lively.. We love you.Ôªø",0
"C'mon Katy you are so close to 14,000,000 subscribers...come up with  another hit like this and it will happenÔªø",0
"I love katy fashions tiger, care to visit my blog sinar jahitan  I also have the tiger collections tqvmÔªø",1
Check out this playlist on YouTube:mÔªø,1
The britishs called that soccer but you know the true word is football and the US Foot is called rugby. That works like that in EUW ( Germany/ Netherland/ France/ Portugal/ Belgium/ Spain/ ... ) Just because the Britishs don&#39;t agree to be like us because they are UNIQUE. That&#39;s the reason why they also refused to have euro (‚Ç¨) as money,1
Love the video Ôªø,0
I remember that torunament like it was today.Ôªø,0
Katy Perry can't sing for shit. All i hear it autotune.Ôªø,0
Check Out The New Hot Video By Dante B Called Riled Up,1
"Hello everyone my name&#39;s Anderson and i&#39;m a singer. not expecting to buy subscribers with words BUT to gain them with my voice. I might not be the best but my voice is different (in a good way) and i&#39;ll work harder than anyone out there to get better, &#39;cuz &quot;yeah&quot; i have a dream  a HUGE one, (who doesn&#39;t?) so please take 3 minutes of your time to check out my covers. Give me a chance you won&#39;t regret it If you feel like subscribing that&#39;d be awesome and it&#39;d mean the world to me THANK YOU SO MUCH",1
I really love this video.. http://www.bubblews.com/account/389088-sheilcenÔªø,1
Me and my big sister like youÔªø,0
just checking the viewsÔªø,0
"super nice, love musiqueÔªø",0
"THIS HAS MORE VIEWS THAN QUEEN AND MICHAEL JACKSON, 2 BILLION views omgÔªø",0
I cried this song bringing back some hard memoriesÔªø,0
wow,0
Check out this video on YouTube: I Ôªø,1
The rap: cool     Rihanna: STTUUPIDÔªø,0
I love KATY PERRY &lt;3 &lt;3Ôªø,0
LIKE AND SUBSCRIB IF YOU WATCH IN 2015 ;)Ôªø,1
Hey Go To My Channel Check Out My Dongs Thanks YouTuber&#39;s,1
"This song is the most boring, asinine song I have ever heard. Coming from a  guy who liked ""Teenage Dream"" (the song). Ever since Katy Perry's divorce  it's wave after wave of shitty but successful songs... For those of you  saying ""This is the next wave of pop music"". Stick it up your ass. Katy  Perry is like Silly Putty. Ôªø",0
I could finally do the spongebob but I started yesterday XDÔªø,0
"Could you please check out my covers on my channel? I do covers like Adele, Kodaline, Imagine Dragons...and more. Please if you could spare a few minutes,  could you have a listen to one or two of my covers , Feel free to comment and subscribe :) Thank you! ",1
https://www.facebook.com/FUDAIRYQUEEN?pnref=storyÔªø,1
this jap is such a piece of shit. he is such a worthless fish head. i dont  know how any one likes this dumb untanlted gook. this isnt even ****en  music. this is so ****ing sad that this is even such thing. people are so  ****ed up.Ôªø,0
So freaking sad...Ôªø,0
"Hey, I am doing the Forty Hour famine so I&#39;ll be giving up on food and social working for 40 hours. I&#39;m doing this to raise money for African people who can&#39;t experience the luxuries that we can. So can you donate to give them a chance?  Any amount would do :)  Click on the link and donate h t t p : / / 4 0 h f . c o m . a u / A n t h o n y L a m Thanks :)",1
Check out this video on YouTube:Ôªø,1
Katy Perry - Roar (Official): http://youtu.be/CevxZvSJLk8Ôªø,0
"You guys should check out this EXTRAORDINARY website called ZONEPA.COM . You can make money online and start working from home today as I am! I am making over $3,000+ per month at ZONEPA.COM ! Visit Zonepa.com and check it out! How does the burst render the symptomatic bite? The knowledge briefs the narrow thought. How does the eager sky transmit the crush?",1
"Support the fight for your 4th amendment right to privacy in your home.¬† Stop the NSA spying on Americans with the un Patriot Act Renewal. Rand Paul has spent 10.5 hours on the Senate floor in a Protest and Filibuster fighting for our¬† Constitution that this Nation is founded on. Join the fight at Rand Paul dot com. Spread The Word. We Have Someone That Cares About Our Nation.¬† Email your Senators, Congress men and women, tell them to support Rand. Tell the news to support Rand too Senator Rand Paul was up until <a href=""http://www.youtube.com/watch?v=pRpeEdMmmQ0&amp;t=1m00s"">1:00</a> am this passed Saturday morning fighting for our Constitution buy postponing the vote until this week. Our Constitution Matters join Rand in the fight to protect <a href=""http://it.ht"">it.ht</a> to privacy in your home and business.. Senator Rand Paul was up until <a href=""http://www.youtube.com/watch?v=pRpeEdMmmQ0&amp;t=1m00s"">1:00</a> am this passed Saturday¬† morning fighting for our Constitution buy postponing the vote until this week. Our Constitution Matters To All Of US, Help Rand Protect It by joining the fright for it.Ôªø",1
reminds me of this song https://soundcloud.com/popaegis/wrenn-almond-eyesÔªø,1
Lol check out my chanell and subscribe please i want 5000 subs thats it im nearly their nowÔªø,1
Check out this video on YouTube:Ôªø,1
love the you lie the goodÔªø,0
Check out this video on YouTube:Ôªø,1
How can this music video get 2 billion views while im the only one watching  here on earth?????? lolÔªø,0
LOVE THE WAY YOU LIE ..&quot;Ôªø,0
Check out this playlist on YouTube:Ôªø,1
"Part 5. Comforter of the afflicted, pray for us Help of Christians, pray for us Queen of Angels, pray for us Queen of Patriarchs, pray for us Queen of Prophets, pray for us Queen of Apostles, pray for us Queen of Martyrs, pray for us Queen of Confessors, pray for us Queen of Virgins, pray for us Queen of all Saints, pray for us Queen conceived without original sin, pray for us Queen of the most holy Rosary, pray for us Queen of the family, pray for us Queen of peace, pray for us ",1
"Why there are so many dislikes. This song is so... awesome. It sounds like we MUST STOP BE RACISTS!!! If I could, I would like it 1,000,000,000 times!!!!!!!!!!!!!!!!!!!!!!!!!!!!!!!!!!!!!!!!!!!!!!Ôªø",0
hi guys check my youtube channelÔªø,1
Guys lmfaois going to have a reunion on June/27/15 at expo Idaho gardens there going 2 performe live and there&#39;s going 2 be a press conference after to answer questions about were there been its all live on my channel I got publishing rights subscribe to my channel to watch the whole thing if u don&#39;t believe me look it up hope to see all u true fans there and yes it&#39;s free Ôªø,1
OMG 2/7 People watched this video because there are 7 billion people in the  world and 2 billion watched thisÔªø,0
"Check out our app to solve all your party/drunk problems!¬†<br /><a href=""https://play.google.com/store/apps/details?id=vn.ibit.AppLocker&amp;hl=en"">https://play.google.com/store/apps/details?id=vn.ibit.AppLocker&amp;hl=en</a>Ôªø",1
check out eminem latest track survival if u didnt,1
Your going to hear me Roar !!!! :-))))   #soundsofsunday Ôªø,0
Hey guys can you check my channel out plz. I do mine craft videos. Let's  shoot for 20 subsÔªø,1
subscribe to my pagee please.,1
"The first billion viewed this because they thought it was really cool, the  other billion and a half came to see how stupid the first billion were...Ôªø",0
Tuto to subscribe to my channel because you should sign up for 17 l please thank you I&#39;d do anything for you to sign up a lot of good video I usually do!Ôªø,1
I love this song and expect the World Cup .Ôªø,0
Hey guys plz check out my youtube channel to c funny 2 girls 1 cup reaction  thanks and plz subscribe! ThanksÔªø,1
some classsic :))))Ôªø,0
"<a href=""https://m.freemyapps.com/share/url/10b35481"">https://m.freemyapps.com/share/url/10b35481</a>Ôªø",1
I love you Shakiria!!!!!!Ôªø,0
Nicee!!sabrosura viva https://soundcloud.com/yerki-elinmigrante/yerki-myb-move-your-bodyÔªø,1
Its 2015 and still shuffling to this songüé∂üéµüéßÔªø,0
https://www.facebook.com/pages/Komedi-burda-gel/775510675841486Ôªø,1
Please give us a chance and check out the new music video on our channel!  You won't be disappointed.Ôªø,1
Katty perry please say in one of your new videoes that they follow the  Girls Girls pleaseÔªø,1
Dang Dat little kid gat movesÔªø,0
I love that you subscribedÔªø,1
Sign up for free on TSU and start making money on social media add/follow  me and ill add follow you!! http://tsu.co/Roberts9010Ôªø,1
Wanna Laugh??? Please SUBSCRIBE to our channel!!!,1
"Hello Guys...I Found a Way to Make Money Online You Can Get Paid To Mess Around On Facebook And Twitter! GET PAID UPTO $25 to $35 AN HOUR...Only at 4NetJobs.com Work from the Comfort of your Home... They are Currently Hiring People from all Over the World, For a Wide Range of Social Media Jobs on Sites such as Facebook,Twitter and YouTube You don&#39;t Need any Prior Skills or Experience and You can Begin Work Immediately! You Can Easily Make $4000 to $5000+ Monthly Income‚Ä¶Only at 4NetJobs.com",1
Check out this video on YouTube:Ôªø,1
Beautiful songÔªø,0
visit &quot; ww estiloproduction com &quot; best website to make money,1
Subscribe and u are gonna hear me roar ;)Ôªø,1
sub me if you dont like the songÔªø,1
Is that Megan Fox?Ôªø,0
YouTube/codytolleson for awesome videos I'll subscribe back Ôªø,1
3 yrs ago I had a health scare but thankfully I‚Äôm okay. I realized I wasn‚Äôt living life to the fullest.  Now I‚Äôm on a mission to do EVERYTHING I‚Äôve always wanted to do. If you found out you were going to die tomorrow would you be happy with what you‚Äôve accomplished or would you regret not doing certain things? Sorry for spamming I‚Äôm just trying to motivate people to do the things they‚Äôve always wanted to. If you‚Äôre bored come see what I‚Äôve done so far! Almost 1000 subscribers and I just started!,1
wtf. subscribe my channel thanx ;),1
"Why the **** this keeps updated? Comments :""5 minutes ago"" Song: ""2 years and  4 months ago""Ôªø",0
5th most viewed video.. i guessÔªø,0
Best world cup offical songÔªø,0
"870,000,000 views...566,000 comments...oh my lantaÔªø",0
Still the best. :DÔªø,0
I love you!‚ù§‚ú®Ôªø,0
check out my playlist,1
katy perry is awesomeÔªø,0
I remember this :D,0
I'm not a big fan of the song but this video is awesome!Ôªø,0
Bitcoin is the future. Buy now!,1
Check out this video on YouTube:<br />Ôªø,1
http://hackfbaccountlive.com/?ref=4344749Ôªø,1
NICE GIRL :DÔªø,0
2015 &lt;3Ôªø,0
The best song ever!Ôªø,0
Simply rap godÔªø,0
"LMFAO - Party Rock Anthem ft. Lauren Bennett, Goo‚Ä¶: <a href=""https://youtu.be/KQ6zr6kCPj8"">https://youtu.be/KQ6zr6kCPj8</a>     <br />BOX MAN GOT SOME MOVES! :D HE MAKES MEH SMILEÔªø",0
"I know that maybe no one will read this but PLEASE TYPE IN &quot;deazy99&quot; I&#39;m a rapper with a dream. I know you must see like millions of those on here everyday but please check out my music and subscribe if you&#39;d like thank you, i would love nothing more than to have a decent following on youtube from people if anyone reading this could give it a &quot;THUMBS UP&quot; because what some might see as just a simple button press could make my dream come true..thank you again for your time &amp; may god bless you",1
She is perfect! &lt;3,0
Waka wakaÔªø,0
I personally have never been in a abusive relationship. I probably never will. I don&#39;t hit women. Mom has my dad used to hit my mom before he left. I can relate I&#39;m writing about one at the moment subscribe to hear it. EVERY fan counts.Ôªø,1
it is wonderfulÔªø,0
subscribe me plzzzzzzz plzzzzzzzzzzzzzzzzzzzzzzzzzzzzzzzÔªø,1
"The funny thing is, 1,700,000,000 of the views are spam bots. I mean c'mon  2 BILLION views? BS!Ôªø",0
"969,210 dislikes like dislike themselvesÔªø",0
"We are an EDM apparel company dedicated to bringing you music inspired  designs. Our clothing is perfect for any rave or music festival. We have  NEON crop tops, tank tops, t-shirts, v-necks and accessories! follow us on  Facebook or on instagraml for free giveaways news and more!! visit our site  at OnCueApparelÔªø",1
I love this shit but I disliked it because it's sucksÔªø,0
Check out my youtube channel for cool beatboxing (:Ôªø,1
"Dear person reading this, You are beautiful and loving Have a great dayÔªø",0
If i reach 100 subscribers i will tazz my self and my friendÔªø,1
http://tankionline.com#friend=cd92db3f4 great game check it out!Ôªø,1
most viewed video in the worldÔªø,0
Hi guys my name is Dylan and I do IRL football videos I have 1030  subscribers and I think you guys would like my content so come check it out  and if you do subscribe!Ôªø,1
Really good song .<br />you know love song song.Ôªø,0
wow,0
Since when has Katy Perry had her own YouTube channel?Ôªø,0
check out our bands page on youtube killtheclockhd - check out some of our original songs including &quot;your disguise&quot;,1
Terrance. .thank you for serving our country. How do i &quot;like you&quot; or &quot;subscribe&quot;?,1
Remove This video its wankÔªø,0
Check out this playlist on YouTube:Ôªø,1
my favorite songÔªø,0
"This is the only video on youtube that get so much views just because we  want to see how much views it has. 1.000.000 every day, I mean, Most people  think a video is popular when it actually gets 1.000.000 views.Ôªø",0
2015 but Im still listening to this!Ôªø,0
"Check out my dubstep song ""Fireball"", made with Fruity Loops. I really took  time in it.  /watch?v=telOA6RIO8oÔªø",1
Party time!Ôªø,0
"yo I know nobody will probably even read this..  but, Imma type it any way because i hope at least one person will  i&#39;m a rapper with a dream. I know there&#39;s like 200k of those in this world  but please check out my music and subscribe? if you want.? thanks,  I would love nothing more than to have a decent following on youtube..  if anyone? reading this could press the &quot;THUMBS UP&quot; other people will see it  just a simple button press? could make my dream come true =) Thank You",1
Great songÔªø,0
  Eminem is the king of rap  Micheal Jackson is the king of pop  If you also wanna go hard and wanna be the person of first class fame just check out Authenticviews*com and be famous just within days !! yO ~,1
OmgÔªø,0
please read this please! i am a country singer who is trying to become someone. so if you would like my videos please. just type... boys round here by country girl (only on computer) wasting all these tears e.t. please subscribe and like,1
thumb up if you watching in 2015 and ¬†you like itÔªø,0
cooooooooooooolllllllllllÔªø,0
subscribers please`Ôªø,1
this song sucksÔªø,0
PLEASE CHECK OUT MY VIDEO CALLED &quot;WE LOVE MIND MASTER IT&quot; THANKS,1
I shuffled while listening to this song. THE ILLNESS IS SPREADING!!Ôªø,0
LikeÔªø,0
I hate rap and I like this songÔªø,0
subscribe to me and I wil subscribe to you backÔªø,1
HUH HYUCK HYUCK IM SPECIAL WHO&#39;S WATCHING THIS IN 2015 IM FROM AUSTRALIA OR SOMETHING GIVE ME ATTENTION PLEASE IM JUST A RAPPER WITH A DREAM IM GONNA SHARE THIS ON GOOGLE PLUS BECAUSE IM SO COOL.Ôªø,1
"Hello everyone :) I know most of you probably pass up these kind of comments, but for those who are still reading this, thanks! I don‚Äôt have any money for advertisements, no chance of getting heard, nothing. I live in such a small town... If this comes off as spam, sorry. I‚Äôm an instrumental songwriter from Columbus, Mississippi. Please go to my channel and check out my original music. It would be highly appreciated if you thumbs up this comment so my music can be heard! Thank you, Adam Whitney ",1
Plz subscribe to my channel and I will subscribe back xxÔªø,1
LMFAO IS THE BESTÔªø,0
Check out this video on YouTube: Ôªø,1
This video deserves <b>1B</b> views!!!Ôªø,0
This is getting old.........Ôªø,0
I love song Ôªø,0
I subscribed it<br />Ôªø,1
http://www.avaaz.org/po/petition/Youtube_Corporation_Fox_Broadcasting_Company_Anular_os_strikes_no_Canal_Nostalgia/?cXPZpgb Ôªø,1
Nice love itttttttt wurkkkkkkkkkkkkkkkkkkkkkkkkkkkkkkkkkkkkkkkkkkkkkkkkkkkkkkkkkkkkkkkkkkkkkkkkkkkkkkkkkkkkkkkkkkkkkkkkkkkkkÔªø,0
In the beginning she was scared off everything and next thing you know she  is out in a leopard bikini!Ôªø,0
Could Spanish people understand this?<br /><br />Any way&#39;s I how you doing subscribe to me I brake things<br /><br />-_-Ôªø,1
Check my channelÔªø,1
http://ubuntuone.com/40beUutVu2ZKxK4uTgPZ8KÔªø,1
"Its a good song and i like her video clip, because its a bout a girl that  her airplane crashed on a land far far away... and she found the way to  survive! And i love the pet tiget too( Kitty Purpy) lol :DÔªø",0
Best World Cup SongÔªø,0
like the songsÔªø,0
You can not hate eminem and nirvana...trust meÔªø,0
I    loved        it           so       much          because         you          get         to         stand            fear .Ôªø,0
Thumbs up if you watched it in 2011Ôªø,0
http://www.twitch.tv/jaroadc come follow and watch my stream!Ôªø,1
https://www.facebook.com/teeLaLaLaÔªø,1
Check out this playlist on YouTube:◊ô<br /><br /><br /><br />‚õ∫üè§‚õ∫‚õ∫Ôªø,1
Subscribe to me channel to see the most credible bitcoin news on Youtube!,1
Hi loving itÔªø,0
Hey Guys Jaylan Here And I Just Wanted Everybody To Know if Yall Can Subscribe Please That Would Be Great! This Is My New Gaming Channel (Have Not¬†Uploaded Yet)But I Will Upload If I Hit About 10 Subs Thank You :DÔªø,1
im M.E.S an aspiring young rapper with high hopes.  i know you will not click this link and check out my channel. you just dont want to.  well its your choice. in fact you know what DONT CLICK,1
this is the 2nd most best song when im gone by m&amp;mÔªø,0
Dance :)Ôªø,0
Do you need more instagram followers or photo likes? Check out IGBlast.com and get em in minutes!,1
Check out this video on YouTube:Ôªø,1
I still to this day wonder why this video is so popular ?? illuminati  confirmed ??Ôªø,0
Megan Fox is gorg in this!! Eminem is truly the rap god :)Ôªø,0
I dont even watch it anymore i just come here to check on 2 Billion or notÔªø,0
Its almost Katys birthday! October 25th Lets say happy birthday to katy!!! ‚ô•‚ô•‚ô•‚ô•‚ô•‚ô•Ôªø,0
So he&#39;s admitting he killed his girlfriend???Ôªø,0
 Once you have started reading do not stop. If you do not subscribe to me  within one day you and you're entire family will die so if you want to stay  alive subscribe right now.Ôªø,1
"hi guys please check out my vids , i will promos to subscribe to you toÔªø",1
"She kinda let herself go, huh?Ôªø",0
Check out this video on YouTube:Ôªø,1
This is so stupid. If you Roared at a Lion in real life you'd dedeÔªø,0
wanna earn money online without investment.....just visit this link .....therglove.blogspot.in/2013/08/blog-post_10.html,1
Check out my videos guy! :) Hope you guys had a good laugh :D,1
Visit my channelÔªø,1
Lemme Top Comments Please!!Ôªø,0
Wats Good Go Check Out My Music On Da Channel Ik Yall Got me,1
Follow me on Twitter @mscalifornia95Ôªø,1
love lmfao party rockin keep it goingÔªø,0
Check out this playlist on YouTube: Ôªø,1
Check out my mummy chanel!,1
Like &amp; Subscribe /watch?v=5tu9gN1l310,1
Very Nice !Ôªø,0
Please help me go to college guys! Thanks from the bottom of my heart.  https://www.indiegogo.com/projects/i-want-to-go-to-college--19/x/9082175Ôªø,1
"Believe that Jesus Christ is your savior for all your sins. If you truly believe in Jesus Christ to be your savior for all your sins then you will go to Heaven. If you believe in Jesus Christ then you are saved and you are in salvation and you have gained God‚Äôs righteousness. It matters not how much you have sinned in the past, in the present and especially in the future. Believe that Jesus Christ is your savior and you will go to Heaven forever and that is the whole truth. Spread the truth. ",1
Lol this youtuber (officialpsy) is getting so much money lolÔªø,0
hi beaties! i made a new channel please go check it out and subscribe and  enjoy!Ôªø,1
Nice v√≠deo shakira goodÔªø,0
Check out this video on YouTube:Ôªø,1
How can this song have 629 million views while there are only 7 million  people in the world?Ôªø,0
I love this song so muchÔªø,0
It's so funny it's awesomeness lol aaaaaaa sexy ladaüòÇÔªø,0
CHECK OUT THESE LYRICS /watch?v=yUTTX04oyqQ,1
Shakira :-*,0
Check out this video on YouTube:Ôªø,1
Check out this video on YouTube:Ôªø,1
"I've figured out why I dislike this song: it's supposed to be a power  ballad right? Something that's uplifting and motivating by the end.  However, the final chorus has NO extra UMPH at the end and actually sounds  just like the first one. Instead of crescendo-ing into a powerful finish,  ""Roar"" just says on the same wavelength. It falls flat.Ôªø",0
i like and love so much people all friends..... I love Shakira ^^,0
"You guys should check out this EXTRAORDINARY website called MONEYGQ.COM .   You can make money online and start working from home today as I am!   I am making over $3,000+ per month at MONEYGQ.COM !   Visit MONEYGQ.COM and check it out!  When does the flimsy slip facilitate the manager? How does the noise set goals the anxious regret? How does the actually loss retrieve the smile?",1
"HONESTLY, I WANNA SEE YOU BE BRAVE! oh wait...Ôªø",0
subscribed :) btw you have a good style keep it up brother :)),1
I lovee it ‚ô•Ôªø,0
I did a cover if u want to check it out THANK U.....Michael Age 8Ôªø,1
Check Out The New Hot Video By Dante B Called Riled Up,1
"cool song check out my animal trafficking petition.<br /><a href=""http://www.thepetitionsite.com/387/433/550/stop-animal-trafficking/?cid=headerClick"">http://www.thepetitionsite.com/387/433/550/stop-animal-trafficking/?cid=headerClick</a>Ôªø",1
EVERYONE PLEASE GO SUBSCRIBE TO MY CHANNEL OR JUST LOON AT MY VIDEOSÔªø,1
"If I get 100 subscribers, I will summon Freddy Mercury's ghost to whipe  from the face of earth One Direction and Miley Cirus.Ôªø",1
HI! CHECK OUT OUR AWESOME COVERS! AND SAY WHAT YOU THINK!,1
Check out this video on YouTube<br /><br /><br />Ôªø,1
Check out this playlist on YouTube:Ôªø,1
"Hey, join me on ts≈´, a publishing platform where I share my content now:  http://tsu.co/MarkusMairhoferÔªø",1
Feels and emotions in this song...God damnÔªø,0
Fruits and vegetables give you longer lasting energy for weight loss.  Check out youtube.com/user/36loseweight.,1
you cant stop the shuffleÔªø,0
Beautiful song beautiful girl it works,0
Please Subscribe In My Channel ‚ÜíÔªø,1
I like the Mmph version betterÔªø,0
"Haha, I can&#39;t believe how many kids listen to Eminem.  You kids know that he does drugs and ends high in jail. I wonder why he never ended OD. Ôªø",0
Please subscribe to my channel!Thanks!Ôªø,1
Shakira is perfect,0
"Stop Wasting Up Your Time and  Get Paid To Mess Around On Facebook And Twitter!  GET PAID UPTO $25 to $35 AN HOUR... Only at 4NetJobs.com  Work from the Comfort of your Home... We are Currently Hiring People from all Over the World,  For a Wide Range of Social Media Jobs on Sites such as Facebook,Twitter and YouTube.  You don&#39;t Need any Prior Skills or Experience and You can Begin Work Immediately!  You Can Easily Make $4000 to $5000+ Monthly Income‚Ä¶Only at 4NetJobs.com",1
Check out this video on YouTube:Ôªø,1
"Holy crap. 800,000,000 views?!Ôªø",0
"Hey youtubers... I really appreciate all of you who took the time, to read this, I am just a 19 year old boy who wants to be a successful musician in the music world. I dont have any money to advertise my channel, If you could just visit my channel, comment on my video or subscribe, that would be great.... It will only be few seconds of your life..... Thank u to all the people who just gave me a chance l really appreciate it  ",1
Katy has a voice of an AngelÔªø,0
thumbs up if you think this should have 1 billion viewsÔªø,0
I don&#39;t think this song will ever get old Ôªø,0
Almost 1 billionÔªø,0
Anybody who subscribes to me will get 10 subscribersÔªø,1
http://www.guardalo.org/best-of-funny-cats-gatti-pazzi-e-divertenti-2013-5287/100000415527985/ Ôªø,1
Check out this video on YouTube:Ôªø,1
Okay trust me I&#39;m doing a favor. You NEED to check out this guy named Columbus Nelson on YouTube.,1
Good times. Ôªø,0
"Aye homies check out our remix to 50 Cent Your Life Is On The Line we just started our youtube channel and we are all ways working hard, give us some feed back on our latest song on what you guys think if you like show support.Ôªø",1
My favorite song üíóüíóüíóüíóÔªø,0
hey its M.E.S here I&#39;m a young up and coming rapper and i wanna get my music heard i know spam wont get me fame. but at the moment i got no way of getting a little attention so please do me a favour and check out my channel and drop a sub if you enjoy yourself. im just getting started so i really appreciate those who take time to leave constructive criticism i already got 200 subscribers and 4000 views on my first vid ive been told i have potential,1
Check Out The New Hot Video By Dante B Called Riled Up,1
Hey plz check out my music video. Thanks!! :-)Ôªø,1
Check my first video outÔªø,1
In my head this is like 2 years ago.. Time FLIESÔªø,0
Check out this video on YouTube:Ôªø,1
"if your like drones, plz subscribe to Kamal Tayara. He takes videos with  his drone that are absolutely beautiful.Ôªø",1
Check out this playlist on YouTube:Ôªø,1
super musicÔªø,0
It's been back for quite a while now.,0
Earn money for being online with 0 efforts!    bit.ly\14gKvDo,1
This makes me miss the world cup,0
Check out this video on YouTube:Ôªø,1
This Song will never get old,0
YOUTUBE MONEY !!!!!!!!!!!!!!!!!!!!!!!Ôªø,0
‚ñ¨‚ñ¨‚ñ¨‚ñ¨‚ñ¨‚ñ¨‚ñ¨‚ñ¨‚ñ¨‚ñ¨‡Æú€©€û€©‡Æú‚ñ¨‚ñ¨‚ñ¨‚ñ¨‚ñ¨‚ñ¨‚ñ¨‚ñ¨ CHECK OUT MY CHANNEL ‚ñ¨‚ñ¨‚ñ¨‚ñ¨‚ñ¨‚ñ¨‚ñ¨‚ñ¨‚ñ¨‚ñ¨‡Æú€©€û€©‡Æú‚ñ¨‚ñ¨‚ñ¨‚ñ¨‚ñ¨‚ñ¨‚ñ¨‚ñ¨,1
https://www.facebook.com/pages/Mathster-WP/1495323920744243?ref=hlÔªø,1
tension‚§¥Ô∏é‚§¥Ô∏éÔªø,0
"You guys should check out this EXTRAORDINARY website called ZONEPA.COM . You can make money online and start working from home today as I am! I am making over $3,000+ per month at ZONEPA.COM ! Visit Zonepa.com and check it out! The loud authority improves the canvas. When does the mother repair the uppity learning? The substantial cook derives the harbor.",1
i want to be that robot guy...Ôªø,0
"666,002,018 views! 666 million. 666! Katy Perry illuminati confirmed!!!Ôªø",0
XD I WAS GOING CRAZY ****IN CRAZY WATCHIN THIS BRAHÔªø,0
Maybe no one will probably read this. But just in case you do Can You Put A &quot;Thumbs Up &quot;So Others Can See. I Just started rapping seriously (Type in Lunden- 1990 Video) just a simple button? can help my dreams come true. people will ignore this but if you don&#39;t can you listen and subscribe Thank you all God Bless.,1
"subscribe to <span class=""proflinkWrapper""><span class=""proflinkPrefix"">+</span><a class=""proflink"" href=""https://plus.google.com/104999962146104962510"" oid=""104999962146104962510"">SuperMarioLogan</a></span>¬† if you thot the robot dudes r epic and awsomeÔªø",1
What is he saying?!?!?!?!?!?!?!?$? Ôªø,0
this song gives me strength! love her lyrics. this video really brings the  lyrics to life. I'm getting known fast because i rap with meaning.. thumbs  up if you piss next to the water in the toilet so its quiet...Ôªø,1
Awsome<br />Ôªø,0
I hate it when Laura Bennett comes inÔªø,0
gofundme.com/grwmpsÔªø,1
üò´üòìüòèüò™üòîüòñüòåüò≠üòéüòöüòòüòôüòóüòãüòùüòúüòõüòçüòíüòûüò∑üò∂üòµüò≥üò≤üò±üòüüò∞üò©üò®üòßüò¶üò•üò§üò£üòÆüò¥üò¢üò°üò†üò¨üòïüòëüòêüòØüòâüòàüòáüòÜüòÖüòÑüòÉüòÇüòÅüòÄüòä‚ò∫  every single types of face on earthÔªø,0
Check out this video on YouTube:hjalpÔªø,1
I love you  ;pÔªø,0
they Shuffle hard that they made an Earthquake in NepalÔªø,0
follow me---&gt; https://twitter.com/f0llowshoutouts Ôªø,1
Hey guys! My mom said if i got 100 subs before christmas I'll get a kitten  and I always have wanted an kitten so please watch my videos and if you  like it subscribe or like :) Please no mean commentsÔªø,1
Thank you. Please give your email.¬†Ôªø,1
HOW DO YOU PUT A PICTURE FOR YOUR IMAGE THINGIE?!?!Ôªø,1
I learned the shuffle because of themÔªø,0
Im gonna share a little ryhme canibus blows eminem away a quadrillion times especially about the categories of intelligent things in his mind. That he learned and rapped about and forgot before eminem spit his first ryme.luv ya linz 4eÔªø,1
Charlie from LOSTÔªø,0
"You guys should check out this EXTRAORDINARY website called MONEYGQ.COM .   You can make money online and start working from home today as I am!   I am making over $3,000+ per month at MONEYGQ.COM !   Visit MONEYGQ.COM and check it out!  Why does the fragile swim enlist the person? How does the ice audit the frequent son? The fantastic chance describes the rate.",1
everyones back lool this is almost 3 years old and people are still hear!  xDÔªø,0
Wow,0
"This Will Always Be My Favorite Song<br />But My Favorite Part Is <a href=""http://www.youtube.com/watch?v=KQ6zr6kCPj8&amp;t=3m40s"">3:40</a>-<a href=""http://www.youtube.com/watch?v=KQ6zr6kCPj8&amp;t=4m11s"">4:11</a> In The Video Ôªø",0
"Enough with the whole ""how does this have two billion views if there's only  7 million on the planet"" we get it. You're joking. It's not funny anymore.Ôªø",0
subscribe to meÔªø,1
still watching in 2015...Ôªø,0
Shakira,0
I know it old song but (like) if you watching in 2015Ôªø,0
Hey! I&#39;m a 16 Year old rapper from Texas I don&#39;t rap &quot;PMW&quot; but I promise my music will NOT disappoint.. Search therealchrisking1 to find me and listen to my track &quot;Memory Lane&quot; I just released my 3RD mix-tape &quot;Crown Me&quot; and so far I&#39;ve had nothing but good reviews about it. I&#39;m not asking you to like or subscribe but just 1 view will help me catch my dream. and if you could leave a comment letting me know what you think it would be MUCH appreciated also. Thank you.,1
Party Rock<br />Ôªø,0
How could 108k people dislike this song or videoÔªø,0
"My videos are half way decent, check them out if you want.Ôªø",1
great song you go katy!Ôªø,0
go here to check the views :3Ôªø,0
Help me get 50 subs please Ôªø,1
https://vimeo.com/107297364Ôªø,1
Katy Perry's songs are the best of the songs of women artists.Ôªø,0
Check out this video on YouTube:Ôªø,1
Love SongÔªø,0
Hi everyone! Do you like music? Then why not check out my music channel.  The LEXIS band will be uploading their own songs and covers soon so don't  miss out. Please SUBSCRIBE too as it does help us out a lot. Just takes one  click. -&gt;Ôªø,1
Why did they stop their career in music? This music rocks !Ôªø,0
Please check out my New Song (Music Video) AD - Don&#39;t Play,1
My friend Sam loves this songüòäüòäüòäüòäüòäüòäüòäüòäüòäüòäüòäüòäüòäüòäüòäüòäüòäüòäüòäüòäüòäüòäüòäüòäüòäüòäüòäüòäüòäüòäüòäüòäüòäüòäüòäüòäüòäüòäüòäüòäüòäüòäüòäüòäüòäüòäÔªø,0
Check out my channel :),1
Also check out D.j.j where do i go now and road to recovery,1
https://www.facebook.com/eeccon/posts/733949243353321?comment_id=734237113324534&amp;offset=0&amp;total_comments=74   please like frigea marius gabriel comment :DÔªø,1
this song is NICEÔªø,0
CHECK OUT DANEJA GOOD GIRL,1
Will this song ever reach 7 Billion Views?Ôªø,0
adam b beats check out my page,1
Eminem is my insperasen and favÔªø,0
why I dont see any comments but mine?:/Ôªø,0
that is megan foxÔªø,0
"Hi, nice song Shakira! (Sorry for bad Brazilian)Ôªø",0
"Wow justin Bieber is Better  thats why when he buys medication he always shares with his half wited money alfred but sadly enough he is an attention hog with swamp ass and an eating disorder filled with sassy mice, and flaming hot cheetos that he can eat with the power of the samurman.",1
share and like this page to win a hand signed Rihanna photo!!! fb -  Fans of Rihanna,1
"THIS IS A COMPETITION TO MEET MY IDOLS, IT WOULD MEAN SO MUCH IF YOU GUYS  WILL LIKE THIS PIC ON IG! http://instagram.com/p/smZdivopxb/Ôªø",1
EMINEM&lt;3¬†<br />the best rapper ever&lt;3Ôªø,0
I really am madly in love with this woman!!Ôªø,0
hey guys im 17 years old remixer and producer and i want you guys to help me checking my videos i am sure you will love those music if you love them then subscribe so you will know more about me:)Ôªø,1
Wow this video almost has a billion views! Didn&#39;t know it was so popular Ôªø,0
Check out this video on YouTube:..üåàüåàüåàÔªø,1
Check out this video on YouTube:Ôªø,1
Best song for everüíúüíúüò¢<br />Ôªø,0
This the best song i ever hire<br />Ôªø,0
Watch Maroon 5's latest 2nd single from V (It Was Always You) www.youtube. com/watch?v=TQ046FuAu00Ôªø,1
"It's so hard, sad :( iThat little child Actor HWANG MINOO dancing very  active child is suffering from brain tumor, only 6 month left for him .Hard  to believe .. Keep praying everyone for our future superstar.  #StrongLittlePsY #Fighting  SHARE EVERYONE PRAYING FOR HIM http://ygunited.com/2014/11/08/little-psy-from-the-has-brain-tumor-6-months-left-to-live/ Ôªø",1
Come check out our parody of this!Ôªø,1
The best song ever!Ôªø,0
"Check out this video on YouTube: <a rel=""nofollow"" class=""ot-hashtag"" href=""https://plus.google.com/s/%23Eminem"">#Eminem</a> <a rel=""nofollow"" class=""ot-hashtag"" href=""https://plus.google.com/s/%23Lovethewayyoulie"">#Lovethewayyoulie</a> <a rel=""nofollow"" class=""ot-hashtag"" href=""https://plus.google.com/s/%23RapGod"">#RapGod</a> <a rel=""nofollow"" class=""ot-hashtag"" href=""https://plus.google.com/s/%23King"">#King</a> Ôªø",1
Check out my drum cover of E.T. here! thanks -&gt;   /watch?v=NO9pOVZ9OIQ&amp;list=UUltuCDIHsDeI01by1OW7WuQÔªø,1
